epoch,train_loss,val_loss,val_success,val_iou,val_angle_deg,experiment,seed,model,modality,status
1,0.0376035209141067,0.0322927350364625,0.2217973231357552,0.1723631144582134,17.65838964692959,EXP1_SIMPLE_RGB,0,SimpleGraspCNN,RGB,oficial
2,0.0352773303249934,0.0415482796728611,0.0050987890376035,0.0158850838940797,22.696954910073565,EXP1_SIMPLE_RGB,0,SimpleGraspCNN,RGB,oficial
3,0.0338077759286304,0.0498639510199427,0.0535372848948374,0.1443356577013119,20.729904097045065,EXP1_SIMPLE_RGB,0,SimpleGraspCNN,RGB,oficial
4,0.0318083979927741,0.1205773296952247,0.0,0.0009867372029081,21.982641881522397,EXP1_SIMPLE_RGB,0,SimpleGraspCNN,RGB,oficial
5,0.0307777050781894,0.1081180182099342,0.0101975780752071,0.0050884653973226,24.861687953177917,EXP1_SIMPLE_RGB,0,SimpleGraspCNN,RGB,oficial
6,0.0301940472427386,0.1633416108787059,0.0,0.0005751364309036,25.90057568237268,EXP1_SIMPLE_RGB,0,SimpleGraspCNN,RGB,oficial
7,0.0302430191622661,0.070589791201055,0.0707456978967495,0.1438574420752371,23.02705547119134,EXP1_SIMPLE_RGB,0,SimpleGraspCNN,RGB,oficial
8,0.029500891546811,0.1047256513684988,0.0,0.0253807087259034,22.84185887772194,EXP1_SIMPLE_RGB,0,SimpleGraspCNN,RGB,oficial
9,0.0291591576627782,0.0921400415897369,0.0509878903760356,0.1046128092915731,23.47856906978665,EXP1_SIMPLE_RGB,0,SimpleGraspCNN,RGB,oficial
10,0.0294641923948048,0.0909935681521892,0.0337794773741236,0.0728629972835974,23.783466508681517,EXP1_SIMPLE_RGB,0,SimpleGraspCNN,RGB,oficial
1,0.0396108944472428,0.0334238146618008,0.212874442319949,0.2257012511925557,19.68865878308969,EXP1_SIMPLE_RGB,1,SimpleGraspCNN,RGB,oficial
2,0.0355561434350035,0.0350862919911742,0.2014021669853409,0.2178002320139112,20.425995848238124,EXP1_SIMPLE_RGB,1,SimpleGraspCNN,RGB,oficial
3,0.0348129566121208,0.0351610166206955,0.130019120458891,0.1625525695004018,20.3678383940882,EXP1_SIMPLE_RGB,1,SimpleGraspCNN,RGB,oficial
4,0.0341300811316515,0.0338512173108756,0.0356915232632249,0.0519423083028463,16.391793595767485,EXP1_SIMPLE_RGB,1,SimpleGraspCNN,RGB,oficial
5,0.0338340457528829,0.0661921611241996,0.0031867431485022,0.006062877817784,22.01525354626241,EXP1_SIMPLE_RGB,1,SimpleGraspCNN,RGB,oficial
6,0.0320205973914346,0.1903312696516513,0.0,0.0,24.610584213960145,EXP1_SIMPLE_RGB,1,SimpleGraspCNN,RGB,oficial
7,0.0317601280974912,0.0427526311669498,0.1363926067558954,0.1462905942140756,20.133922275609446,EXP1_SIMPLE_RGB,1,SimpleGraspCNN,RGB,oficial
8,0.0308885106162444,0.0760953722894191,0.0063734862970044,0.0267620117538525,23.714700134139388,EXP1_SIMPLE_RGB,1,SimpleGraspCNN,RGB,oficial
9,0.0303857259469123,0.0655165454186499,0.0121096239643084,0.1207313329159043,24.41499700371049,EXP1_SIMPLE_RGB,1,SimpleGraspCNN,RGB,oficial
10,0.0301232235757885,0.0310183925367891,0.2708731676226896,0.2120796299127281,15.323324731284076,EXP1_SIMPLE_RGB,1,SimpleGraspCNN,RGB,oficial
1,0.038107197580708,0.0324396657757461,0.1140854047163798,0.1499453965955096,18.124356312446647,EXP1_SIMPLE_RGB,2,SimpleGraspCNN,RGB,oficial
2,0.0356214209753382,0.0333291482925415,0.1434034416826003,0.1666739486703476,19.262096507682024,EXP1_SIMPLE_RGB,2,SimpleGraspCNN,RGB,oficial
3,0.0350553540865311,0.0366888120397925,0.0,0.0037754215517764,18.453867769901976,EXP1_SIMPLE_RGB,2,SimpleGraspCNN,RGB,oficial
4,0.0345040031851411,0.0733207837119698,0.0,0.0019099404383951,22.547882116274323,EXP1_SIMPLE_RGB,2,SimpleGraspCNN,RGB,oficial
5,0.0331332921847566,0.0447460434958338,0.0025493945188017,0.0107190196655821,18.43108500839915,EXP1_SIMPLE_RGB,2,SimpleGraspCNN,RGB,oficial
6,0.0322234134550567,0.0907157800346613,0.0,0.0250125139332812,22.486802538855244,EXP1_SIMPLE_RGB,2,SimpleGraspCNN,RGB,oficial
7,0.031752054839655,0.0329482957161963,0.3295092415551306,0.2916960033177566,18.591270081785293,EXP1_SIMPLE_RGB,2,SimpleGraspCNN,RGB,oficial
8,0.0308938750678354,0.0846399360150098,0.0822179732313575,0.1476447990409604,22.95002004377798,EXP1_SIMPLE_RGB,2,SimpleGraspCNN,RGB,oficial
9,0.0307115026422449,0.0334171472489833,0.1752708731676227,0.1678443313844481,18.317232203385448,EXP1_SIMPLE_RGB,2,SimpleGraspCNN,RGB,oficial
10,0.0296918212662677,0.0455378993228077,0.0650095602294455,0.0752258151295785,21.498852636965744,EXP1_SIMPLE_RGB,2,SimpleGraspCNN,RGB,oficial
1,0.0378418702565066,0.0320075828954577,0.2281708094327597,0.2299933910494202,17.38330041044722,EXP2_SIMPLE_RGBD,0,SimpleGraspCNN,RGB-D,oficial
2,0.0359021231599219,0.0318712587468326,0.3231357552581262,0.2909804204910168,17.336461406592043,EXP2_SIMPLE_RGBD,0,SimpleGraspCNN,RGB-D,oficial
3,0.0354253605410859,0.0341110957972705,0.1032504780114722,0.1469528888574686,20.235380948304304,EXP2_SIMPLE_RGBD,0,SimpleGraspCNN,RGB-D,oficial
4,0.0352838237409119,0.0320366797596216,0.2676864244741874,0.2399635415853999,17.60457461033912,EXP2_SIMPLE_RGBD,0,SimpleGraspCNN,RGB-D,oficial
5,0.0351881747478031,0.0327526179887354,0.2001274697259401,0.2158707942665594,19.145055309837154,EXP2_SIMPLE_RGBD,0,SimpleGraspCNN,RGB-D,oficial
6,0.0351805459238118,0.0320706460997462,0.3537284894837476,0.2821786478438602,18.13095578074279,EXP2_SIMPLE_RGBD,0,SimpleGraspCNN,RGB-D,oficial
7,0.0351100339646543,0.0326769392937421,0.1567877629063097,0.188075046414914,18.807934834929725,EXP2_SIMPLE_RGBD,0,SimpleGraspCNN,RGB-D,oficial
8,0.0351080852518747,0.0324942324310541,0.2179732313575526,0.1699065398225384,17.706087354453913,EXP2_SIMPLE_RGBD,0,SimpleGraspCNN,RGB-D,oficial
9,0.034984900691622,0.0320451744459569,0.3167622689611217,0.2544025902434216,17.71169744917152,EXP2_SIMPLE_RGBD,0,SimpleGraspCNN,RGB-D,oficial
10,0.0349121695501847,0.0321920350566506,0.3855959209687699,0.3125385341837182,18.38049215122136,EXP2_SIMPLE_RGBD,0,SimpleGraspCNN,RGB-D,oficial
1,0.0394002633957981,0.0320424001105129,0.2740599107711918,0.2298288293396214,16.930915847318325,EXP2_SIMPLE_RGBD,1,SimpleGraspCNN,RGB-D,oficial
2,0.0360025385109422,0.0326543954387307,0.147227533460803,0.1739329167679794,18.62544639250361,EXP2_SIMPLE_RGBD,1,SimpleGraspCNN,RGB-D,oficial
3,0.0358314627764729,0.0325747089460492,0.2103250478011472,0.1904324128445301,18.5182664558073,EXP2_SIMPLE_RGBD,1,SimpleGraspCNN,RGB-D,oficial
4,0.0355206941430633,0.0328051312826573,0.235818992989165,0.1985405760220759,18.839937515252263,EXP2_SIMPLE_RGBD,1,SimpleGraspCNN,RGB-D,oficial
5,0.0353426870361373,0.0326203700527548,0.3620140216698534,0.3139056463580307,19.253473795886723,EXP2_SIMPLE_RGBD,1,SimpleGraspCNN,RGB-D,oficial
6,0.0353143879187268,0.0329851569235324,0.2931803696622052,0.2508174460344621,19.44362421144172,EXP2_SIMPLE_RGBD,1,SimpleGraspCNN,RGB-D,oficial
7,0.0352780855353082,0.0329916288331151,0.0611854684512428,0.0912469919356667,16.83730039609262,EXP2_SIMPLE_RGBD,1,SimpleGraspCNN,RGB-D,oficial
8,0.0352955396949976,0.0319561220519244,0.3734862970044614,0.3206097081804827,17.57411017423483,EXP2_SIMPLE_RGBD,1,SimpleGraspCNN,RGB-D,oficial
9,0.0350462812762539,0.0322610540688037,0.2970044614404079,0.2651097150444329,18.415655561951265,EXP2_SIMPLE_RGBD,1,SimpleGraspCNN,RGB-D,oficial
10,0.0350397696869598,0.0324584283865988,0.2562141491395793,0.2130799324581306,17.167900226711108,EXP2_SIMPLE_RGBD,1,SimpleGraspCNN,RGB-D,oficial
1,0.0369588796821263,0.0322204665467143,0.2893562778840025,0.2126097869471891,17.137138720800568,EXP2_SIMPLE_RGBD,2,SimpleGraspCNN,RGB-D,oficial
2,0.0353404901216964,0.0325133048743009,0.2906309751434034,0.2201599968838554,17.381892078667853,EXP2_SIMPLE_RGBD,2,SimpleGraspCNN,RGB-D,oficial
3,0.0354285199396513,0.0325983444601297,0.3199490121096239,0.2498668910217147,18.848558581243097,EXP2_SIMPLE_RGBD,2,SimpleGraspCNN,RGB-D,oficial
4,0.0353448941028332,0.0321568373776972,0.2396430847673677,0.213249139547197,17.500378547497064,EXP2_SIMPLE_RGBD,2,SimpleGraspCNN,RGB-D,oficial
5,0.0350802198287334,0.0324598316848278,0.235818992989165,0.2104772359523298,18.15441945192841,EXP2_SIMPLE_RGBD,2,SimpleGraspCNN,RGB-D,oficial
6,0.0349655584809747,0.0333319953270256,0.0076481835564053,0.0354057606294091,17.997250776657577,EXP2_SIMPLE_RGBD,2,SimpleGraspCNN,RGB-D,oficial
7,0.0349006062658788,0.0319553159922361,0.3734862970044614,0.3097424844975143,17.59908409647869,EXP2_SIMPLE_RGBD,2,SimpleGraspCNN,RGB-D,oficial
8,0.0349413073781105,0.0322804024629294,0.17144678138942,0.1661591219337976,16.971077302031766,EXP2_SIMPLE_RGBD,2,SimpleGraspCNN,RGB-D,oficial
9,0.0348920564561545,0.0321392222121357,0.1905672402804334,0.2327009592235351,18.030795566315728,EXP2_SIMPLE_RGBD,2,SimpleGraspCNN,RGB-D,oficial
10,0.0348375692862916,0.0318858309462666,0.3824091778202677,0.3174521711741253,17.66432893520573,EXP2_SIMPLE_RGBD,2,SimpleGraspCNN,RGB-D,oficial
1,0.0677439632515112,0.0331738575361669,0.3263224984066284,0.2666797479220321,14.246180060251955,EXP3_RESNET18_RGB_AUGMENT,0,ResNet18Grasp,RGB,final
2,0.0412038592873392,0.0310715494491159,0.5270873167622689,0.3938505595976405,15.983001726757044,EXP3_RESNET18_RGB_AUGMENT,0,ResNet18Grasp,RGB,final
3,0.0362287701048829,0.0313477935642004,0.4690885914595283,0.3292573430508692,14.694243546967868,EXP3_RESNET18_RGB_AUGMENT,0,ResNet18Grasp,RGB,final
4,0.032387733300057,0.0283413573913276,0.4703632887189292,0.2812019030607229,10.851785464298311,EXP3_RESNET18_RGB_AUGMENT,0,ResNet18Grasp,RGB,final
5,0.0315223345616916,0.0334392867842689,0.5487571701720841,0.3698216863171256,15.373342375832356,EXP3_RESNET18_RGB_AUGMENT,0,ResNet18Grasp,RGB,final
6,0.0312415017821901,0.0307216098904609,0.4741873804971319,0.3251131714074023,13.3610003887042,EXP3_RESNET18_RGB_AUGMENT,0,ResNet18Grasp,RGB,final
7,0.0300008681611166,0.0282430018018931,0.5289993626513703,0.319628264829792,10.001700867079338,EXP3_RESNET18_RGB_AUGMENT,0,ResNet18Grasp,RGB,final
8,0.0286514716021515,0.0291351511701941,0.4824729126832377,0.3179900510797612,12.155514543109138,EXP3_RESNET18_RGB_AUGMENT,0,ResNet18Grasp,RGB,final
9,0.0287981855070537,0.0333281147107481,0.4550669216061185,0.2896029914251988,10.461156129254176,EXP3_RESNET18_RGB_AUGMENT,0,ResNet18Grasp,RGB,final
10,0.0278374663478619,0.0272500280046369,0.4869343530911408,0.3367053399387283,14.220315486596002,EXP3_RESNET18_RGB_AUGMENT,0,ResNet18Grasp,RGB,final
11,0.0279988888063812,0.0281196906752302,0.6730401529636711,0.3912330922313453,9.94356094973769,EXP3_RESNET18_RGB_AUGMENT,0,ResNet18Grasp,RGB,final
12,0.0285967277983824,0.0276960386894643,0.5959209687699172,0.3646069039188782,12.580551201408554,EXP3_RESNET18_RGB_AUGMENT,0,ResNet18Grasp,RGB,final
13,0.0271601215139165,0.0301221397798508,0.6902485659655831,0.4023367749102544,9.707551627843957,EXP3_RESNET18_RGB_AUGMENT,0,ResNet18Grasp,RGB,final
14,0.0277318271833497,0.0291893297247588,0.5270873167622689,0.3372400828702987,11.699657075070457,EXP3_RESNET18_RGB_AUGMENT,0,ResNet18Grasp,RGB,final
15,0.0265013878443488,0.0315027732867747,0.2332695984703633,0.2062505585507082,15.073553073210554,EXP3_RESNET18_RGB_AUGMENT,0,ResNet18Grasp,RGB,final
16,0.0268438899772124,0.0287064790539443,0.521351179094965,0.3295600458198582,12.576133053184057,EXP3_RESNET18_RGB_AUGMENT,0,ResNet18Grasp,RGB,final
17,0.0267955936776759,0.0290594530547969,0.5825366475462078,0.3566072784372262,11.936958578424973,EXP3_RESNET18_RGB_AUGMENT,0,ResNet18Grasp,RGB,final
18,0.0272042625290048,0.0296065765386447,0.3601019757807521,0.2390968710900542,14.334341472139684,EXP3_RESNET18_RGB_AUGMENT,0,ResNet18Grasp,RGB,final
19,0.0258966871696683,0.0287211818806827,0.5608667941363926,0.3687115783451736,10.967502537897843,EXP3_RESNET18_RGB_AUGMENT,0,ResNet18Grasp,RGB,final
20,0.0260476301348692,0.0325969646219164,0.4939451880178457,0.3311869364223936,12.923557909717378,EXP3_RESNET18_RGB_AUGMENT,0,ResNet18Grasp,RGB,final
21,0.0263492656905237,0.0277881608228199,0.5761631612492033,0.3934952236035595,11.865246907850024,EXP3_RESNET18_RGB_AUGMENT,0,ResNet18Grasp,RGB,final
22,0.0262933099004733,0.0290921831224113,0.5015933715742511,0.3032423697987481,11.378938229263603,EXP3_RESNET18_RGB_AUGMENT,0,ResNet18Grasp,RGB,final
23,0.0262501721631165,0.0265645702183246,0.6124920331421287,0.394037767636879,13.903987473009211,EXP3_RESNET18_RGB_AUGMENT,0,ResNet18Grasp,RGB,final
24,0.0256378997016597,0.0297017233725637,0.5353728489483748,0.3548980410620991,11.038460948827192,EXP3_RESNET18_RGB_AUGMENT,0,ResNet18Grasp,RGB,final
25,0.0258826249706986,0.0333257377706468,0.4047163798597833,0.2964601246797137,15.346578045527275,EXP3_RESNET18_RGB_AUGMENT,0,ResNet18Grasp,RGB,final
26,0.0273947978711074,0.0286233207955956,0.497131931166348,0.319172925693935,9.277560744163528,EXP3_RESNET18_RGB_AUGMENT,0,ResNet18Grasp,RGB,final
27,0.0259161873024191,0.0813285421580076,0.1083492670490758,0.2439880226494057,22.52367174550365,EXP3_RESNET18_RGB_AUGMENT,0,ResNet18Grasp,RGB,final
28,0.0265392643978466,0.0270196728105656,0.2766093052899936,0.2183309719992032,13.641834655693788,EXP3_RESNET18_RGB_AUGMENT,0,ResNet18Grasp,RGB,final
29,0.0256583523508664,0.0286263530608266,0.5806246016571064,0.3940674573395813,12.232489898757338,EXP3_RESNET18_RGB_AUGMENT,0,ResNet18Grasp,RGB,final
30,0.0255055366889447,0.0309155615605413,0.5646908859145953,0.372405565808091,12.801669128589763,EXP3_RESNET18_RGB_AUGMENT,0,ResNet18Grasp,RGB,final
31,0.025514325999596,0.02832259614137,0.4939451880178457,0.2927216111745549,11.35696795329294,EXP3_RESNET18_RGB_AUGMENT,0,ResNet18Grasp,RGB,final
32,0.0254937785568538,0.0282647593878209,0.6520076481835564,0.4090224970535425,11.913788370172002,EXP3_RESNET18_RGB_AUGMENT,0,ResNet18Grasp,RGB,final
33,0.0258410485746624,0.0326824362017214,0.3352453792224347,0.3102989152734903,19.04984969189021,EXP3_RESNET18_RGB_AUGMENT,0,ResNet18Grasp,RGB,final
34,0.0252539531185149,0.0293067075684666,0.4843849585723391,0.3206587123124031,14.072140993105284,EXP3_RESNET18_RGB_AUGMENT,0,ResNet18Grasp,RGB,final
35,0.0252275571210293,0.0294637585105374,0.621414913957935,0.3768695244256547,11.604268338122887,EXP3_RESNET18_RGB_AUGMENT,0,ResNet18Grasp,RGB,final
36,0.0253912014802833,0.0282926399260759,0.4384958572339069,0.3284827700826828,13.77404346997424,EXP3_RESNET18_RGB_AUGMENT,0,ResNet18Grasp,RGB,final
37,0.0256467930771209,0.0274808974354527,0.4525175270873167,0.2990971203003402,12.581081084662754,EXP3_RESNET18_RGB_AUGMENT,0,ResNet18Grasp,RGB,final
38,0.0251856473282919,0.0277451459597796,0.4984066284257489,0.3194591206758561,13.494371828508148,EXP3_RESNET18_RGB_AUGMENT,0,ResNet18Grasp,RGB,final
39,0.0249582383580304,0.027941909302026,0.5513065646908859,0.3459001530610968,11.445915920999033,EXP3_RESNET18_RGB_AUGMENT,0,ResNet18Grasp,RGB,final
40,0.0245568669392718,0.0267564301076345,0.5627788400254939,0.3410486233063975,10.187372496949902,EXP3_RESNET18_RGB_AUGMENT,0,ResNet18Grasp,RGB,final
41,0.0249335695779672,0.0271375631773844,0.5920968769917144,0.3667298669355909,11.346826058733429,EXP3_RESNET18_RGB_AUGMENT,0,ResNet18Grasp,RGB,final
42,0.0251132197225013,0.0268435334321111,0.6226896112173359,0.3883413496774624,11.49214754064514,EXP3_RESNET18_RGB_AUGMENT,0,ResNet18Grasp,RGB,final
43,0.0248467400334439,0.0286400619428604,0.6392606755895475,0.3751821664977021,10.579199758674523,EXP3_RESNET18_RGB_AUGMENT,0,ResNet18Grasp,RGB,final
44,0.0252557787037379,0.0297472088318318,0.655831739961759,0.3582820205836869,9.65248525577706,EXP3_RESNET18_RGB_AUGMENT,0,ResNet18Grasp,RGB,final
45,0.0246195361135644,0.029789365241304,0.5111536010197578,0.3093309251022839,11.213941760844778,EXP3_RESNET18_RGB_AUGMENT,0,ResNet18Grasp,RGB,final
46,0.025069760158658,0.0275899761437904,0.6003824091778203,0.3448471726103375,10.921160900223583,EXP3_RESNET18_RGB_AUGMENT,0,ResNet18Grasp,RGB,final
47,0.0243058632555845,0.0274201770953368,0.662842574888464,0.4059481014063389,11.523636691878114,EXP3_RESNET18_RGB_AUGMENT,0,ResNet18Grasp,RGB,final
48,0.024478689616395,0.0303199038561433,0.5882727852135118,0.3626975232955008,9.621000149797306,EXP3_RESNET18_RGB_AUGMENT,0,ResNet18Grasp,RGB,final
49,0.0244891897750061,0.0293044948059832,0.6736775015933716,0.3735299382274387,9.359411072165138,EXP3_RESNET18_RGB_AUGMENT,0,ResNet18Grasp,RGB,final
50,0.0245495191481602,0.0293132290570065,0.5844486934353091,0.339604153499499,10.998652798734224,EXP3_RESNET18_RGB_AUGMENT,0,ResNet18Grasp,RGB,final
1,0.0664195359290183,0.0305490623041987,0.1344805608667941,0.1394218685905403,13.76667767888538,EXP3_RESNET18_RGB_AUGMENT,1,ResNet18Grasp,RGB,final
2,0.0378624198975058,0.0287451770342886,0.4754620777565328,0.3333261671090695,13.262429624587153,EXP3_RESNET18_RGB_AUGMENT,1,ResNet18Grasp,RGB,final
3,0.0340385474432427,0.0272729241941124,0.4181007010834927,0.2739243919253799,11.388814889687133,EXP3_RESNET18_RGB_AUGMENT,1,ResNet18Grasp,RGB,final
4,0.0318649284004628,0.0290828402899205,0.3715742511153601,0.2755029206465321,10.144200901496388,EXP3_RESNET18_RGB_AUGMENT,1,ResNet18Grasp,RGB,final
5,0.0303765682184749,0.0273657285585068,0.5353728489483748,0.3706367798739362,11.7000788899548,EXP3_RESNET18_RGB_AUGMENT,1,ResNet18Grasp,RGB,final
6,0.0298668812154918,0.0285086820181459,0.3435309114085405,0.2596664743072744,12.893798447091545,EXP3_RESNET18_RGB_AUGMENT,1,ResNet18Grasp,RGB,final
7,0.0281953150070868,0.0271232951479032,0.3811344805608668,0.2206608609609995,11.755624853921113,EXP3_RESNET18_RGB_AUGMENT,1,ResNet18Grasp,RGB,final
8,0.028491416190927,0.0298219967912882,0.4735500318674315,0.2990144704382576,13.320067295780795,EXP3_RESNET18_RGB_AUGMENT,1,ResNet18Grasp,RGB,final
9,0.0278193770429572,0.0313074452185537,0.4493307839388145,0.2973402723412539,11.840876822660698,EXP3_RESNET18_RGB_AUGMENT,1,ResNet18Grasp,RGB,final
10,0.0278157142939062,0.0293353991396725,0.0388782664117272,0.0798906489788482,13.309315738046468,EXP3_RESNET18_RGB_AUGMENT,1,ResNet18Grasp,RGB,final
11,0.0275804947742873,0.0271316081122495,0.5232632249840663,0.3510221562650831,13.06653783360125,EXP3_RESNET18_RGB_AUGMENT,1,ResNet18Grasp,RGB,final
12,0.0275575996183597,0.0299483276903629,0.1937539834289356,0.2194682071358459,16.122157318640753,EXP3_RESNET18_RGB_AUGMENT,1,ResNet18Grasp,RGB,final
13,0.0277418675119275,0.0275008670054376,0.4455066921606118,0.3134408345616583,12.184620932773498,EXP3_RESNET18_RGB_AUGMENT,1,ResNet18Grasp,RGB,final
14,0.0276046388421778,0.027289397814311,0.3524537922243467,0.2650165661606111,11.206626895087538,EXP3_RESNET18_RGB_AUGMENT,1,ResNet18Grasp,RGB,final
15,0.0272895882476691,0.0277899969532154,0.3836838750796685,0.2899745030829407,11.398140916470547,EXP3_RESNET18_RGB_AUGMENT,1,ResNet18Grasp,RGB,final
16,0.0263983175024256,0.0283174850512295,0.5366475462077757,0.3333866028520909,13.952814548726046,EXP3_RESNET18_RGB_AUGMENT,1,ResNet18Grasp,RGB,final
17,0.026658269140433,0.0276024216040968,0.4416826003824092,0.3176977734379122,13.227813389993011,EXP3_RESNET18_RGB_AUGMENT,1,ResNet18Grasp,RGB,final
18,0.0267431661738334,0.0286085507599636,0.467176545570427,0.3228482992171156,12.499692186217786,EXP3_RESNET18_RGB_AUGMENT,1,ResNet18Grasp,RGB,final
19,0.0266842123221706,0.0272714163700584,0.4665391969407266,0.3204645520599688,10.390883167960682,EXP3_RESNET18_RGB_AUGMENT,1,ResNet18Grasp,RGB,final
20,0.0268649086523968,0.0307701947540044,0.4493307839388145,0.320775806946656,13.538504688583966,EXP3_RESNET18_RGB_AUGMENT,1,ResNet18Grasp,RGB,final
21,0.0258291828622286,0.0292456657253205,0.4302103250478011,0.2804510833861732,11.662784403640403,EXP3_RESNET18_RGB_AUGMENT,1,ResNet18Grasp,RGB,final
22,0.0280421052782519,0.0354781537945382,0.5289993626513703,0.3088496116441377,8.96681678835287,EXP3_RESNET18_RGB_AUGMENT,1,ResNet18Grasp,RGB,final
23,0.0269289869932575,0.0301747118122875,0.4480560866794136,0.3152980875239725,13.468022055833435,EXP3_RESNET18_RGB_AUGMENT,1,ResNet18Grasp,RGB,final
24,0.0264350163356006,0.0274188398121623,0.3645634161886552,0.2680751148306987,10.808936882087442,EXP3_RESNET18_RGB_AUGMENT,1,ResNet18Grasp,RGB,final
25,0.0264530347425255,0.0292131854547187,0.6303377947737412,0.3738477821170035,9.735489191240244,EXP3_RESNET18_RGB_AUGMENT,1,ResNet18Grasp,RGB,final
26,0.0268738706604586,0.029683690816164,0.4735500318674315,0.3323109217805881,14.946569197746078,EXP3_RESNET18_RGB_AUGMENT,1,ResNet18Grasp,RGB,final
27,0.0259241547418741,0.0269217036332702,0.4486934353091141,0.2839773576686524,11.710144188533986,EXP3_RESNET18_RGB_AUGMENT,1,ResNet18Grasp,RGB,final
28,0.0261071327033343,0.0298684336233418,0.3664754620777565,0.2527146279034668,12.100075299793978,EXP3_RESNET18_RGB_AUGMENT,1,ResNet18Grasp,RGB,final
29,0.0262974992159519,0.0301780414581298,0.3250478011472275,0.2511709021605123,13.86489609216398,EXP3_RESNET18_RGB_AUGMENT,1,ResNet18Grasp,RGB,final
30,0.0260050198029693,0.0278137186914682,0.5124282982791587,0.3610401576122954,12.975207613026887,EXP3_RESNET18_RGB_AUGMENT,1,ResNet18Grasp,RGB,final
31,0.0253802781320504,0.0287412942852824,0.5659655831739961,0.3583777087242566,10.953930190644792,EXP3_RESNET18_RGB_AUGMENT,1,ResNet18Grasp,RGB,final
32,0.0254061783051437,0.0293865697598084,0.3836838750796685,0.2642546283446234,11.685635471541971,EXP3_RESNET18_RGB_AUGMENT,1,ResNet18Grasp,RGB,final
33,0.0257846494247247,0.0302783678413834,0.6462715105162524,0.4059485004442109,12.274050852285072,EXP3_RESNET18_RGB_AUGMENT,1,ResNet18Grasp,RGB,final
34,0.0257194616269689,0.0283642276190221,0.6290630975143403,0.3946611212745319,11.98400540692644,EXP3_RESNET18_RGB_AUGMENT,1,ResNet18Grasp,RGB,final
35,0.0252572642219764,0.0315036547929048,0.5876354365838113,0.3573410569981678,10.861006735790127,EXP3_RESNET18_RGB_AUGMENT,1,ResNet18Grasp,RGB,final
36,0.0252775119382653,0.0283054744359105,0.2313575525812619,0.1967616599664775,12.671467862958666,EXP3_RESNET18_RGB_AUGMENT,1,ResNet18Grasp,RGB,final
37,0.0254118401506865,0.0291489701811224,0.6246016571064372,0.3742212588857272,10.91810185019823,EXP3_RESNET18_RGB_AUGMENT,1,ResNet18Grasp,RGB,final
38,0.0249312311276659,0.0276682440889999,0.5130656469088591,0.3535803132465176,13.665164702379371,EXP3_RESNET18_RGB_AUGMENT,1,ResNet18Grasp,RGB,final
39,0.025113825115736,0.0310027851350605,0.5022307202039515,0.3421135134940015,12.764186869175887,EXP3_RESNET18_RGB_AUGMENT,1,ResNet18Grasp,RGB,final
40,0.0252622875745769,0.0288299720268696,0.4321223709369025,0.3124948840446241,13.218736580032278,EXP3_RESNET18_RGB_AUGMENT,1,ResNet18Grasp,RGB,final
41,0.0248715949102162,0.0295574673451483,0.5755258126195029,0.3623474602437961,12.3101038008355,EXP3_RESNET18_RGB_AUGMENT,1,ResNet18Grasp,RGB,final
42,0.0248807036645106,0.0277834129240363,0.5156150414276609,0.3177774331079877,12.661043058009396,EXP3_RESNET18_RGB_AUGMENT,1,ResNet18Grasp,RGB,final
43,0.0253691960059039,0.0300495232816319,0.4130019120458891,0.3007157342305685,13.342958042387425,EXP3_RESNET18_RGB_AUGMENT,1,ResNet18Grasp,RGB,final
44,0.025309006415039,0.0289905891672242,0.5041427660930529,0.3048980097156637,10.799309762054593,EXP3_RESNET18_RGB_AUGMENT,1,ResNet18Grasp,RGB,final
45,0.0248755239923526,0.0292444219114258,0.5889101338432122,0.3556431965880745,9.196890032578748,EXP3_RESNET18_RGB_AUGMENT,1,ResNet18Grasp,RGB,final
46,0.0251054041557483,0.0284500619082246,0.51434034416826,0.3075744656603676,9.233737305735664,EXP3_RESNET18_RGB_AUGMENT,1,ResNet18Grasp,RGB,final
47,0.0242335971293819,0.0313204981014132,0.5041427660930529,0.3418266255610275,12.9013703518187,EXP3_RESNET18_RGB_AUGMENT,1,ResNet18Grasp,RGB,final
48,0.0246867053546347,0.0319186595454812,0.1905672402804334,0.1930244743440983,16.65722160311939,EXP3_RESNET18_RGB_AUGMENT,1,ResNet18Grasp,RGB,final
49,0.0244577174779732,0.0300011291913688,0.5863607393244105,0.351094191207031,10.141732107696198,EXP3_RESNET18_RGB_AUGMENT,1,ResNet18Grasp,RGB,final
50,0.0243422589894082,0.0297595143772196,0.6175908221797323,0.3520756758147146,10.488411941852725,EXP3_RESNET18_RGB_AUGMENT,1,ResNet18Grasp,RGB,final
1,0.0630500577725805,0.0307175227440893,0.331421287444232,0.2501042024714124,14.069429078045951,EXP3_RESNET18_RGB_AUGMENT,2,ResNet18Grasp,RGB,final
2,0.0398703812042603,0.0323069360340014,0.1223709369024856,0.1585173890188528,12.101025115979176,EXP3_RESNET18_RGB_AUGMENT,2,ResNet18Grasp,RGB,final
3,0.0349620274427506,0.0288410046970238,0.367112810707457,0.2676828759763363,12.34565681153043,EXP3_RESNET18_RGB_AUGMENT,2,ResNet18Grasp,RGB,final
4,0.0331433039192143,0.0282935680588707,0.491395793499044,0.3105868894361221,10.66506458830196,EXP3_RESNET18_RGB_AUGMENT,2,ResNet18Grasp,RGB,final
5,0.031183484773915,0.0284351181099191,0.5430210325047801,0.3373706185634168,10.950366233376382,EXP3_RESNET18_RGB_AUGMENT,2,ResNet18Grasp,RGB,final
6,0.0305361052857594,0.0318869847804308,0.4608030592734226,0.3220688284838675,14.821071725739303,EXP3_RESNET18_RGB_AUGMENT,2,ResNet18Grasp,RGB,final
7,0.0295099007334929,0.0278295975551009,0.5334608030592735,0.3404181055528914,12.96774599404474,EXP3_RESNET18_RGB_AUGMENT,2,ResNet18Grasp,RGB,final
8,0.0286112084380678,0.0273836533119902,0.5270873167622689,0.335874708037243,11.40319034894993,EXP3_RESNET18_RGB_AUGMENT,2,ResNet18Grasp,RGB,final
9,0.0287155126397674,0.0302620488405227,0.4601657106437221,0.3459363469164809,14.107101639101204,EXP3_RESNET18_RGB_AUGMENT,2,ResNet18Grasp,RGB,final
10,0.028317429469311,0.0283043984882533,0.5564053537284895,0.364723468518288,12.71579121154704,EXP3_RESNET18_RGB_AUGMENT,2,ResNet18Grasp,RGB,final
11,0.0286425181437988,0.0279223917424678,0.5098789037603569,0.369524988021536,13.85809791827355,EXP3_RESNET18_RGB_AUGMENT,2,ResNet18Grasp,RGB,final
12,0.0277473845158342,0.0309813254233449,0.3275971956660293,0.2572491799902256,14.034638787102129,EXP3_RESNET18_RGB_AUGMENT,2,ResNet18Grasp,RGB,final
13,0.0272510079079651,0.0324120422825217,0.2651370299553856,0.1981423234708411,16.996371871412254,EXP3_RESNET18_RGB_AUGMENT,2,ResNet18Grasp,RGB,final
14,0.0277781697443208,0.0294708371581509,0.4601657106437221,0.3098450079636201,10.02533297500072,EXP3_RESNET18_RGB_AUGMENT,2,ResNet18Grasp,RGB,final
15,0.0270557301118969,0.0286289597302675,0.3543658381134481,0.2998956520946146,13.218917270533485,EXP3_RESNET18_RGB_AUGMENT,2,ResNet18Grasp,RGB,final
16,0.0272411830337332,0.0304425631277263,0.5060548119821542,0.3419248529285553,13.963587619333632,EXP3_RESNET18_RGB_AUGMENT,2,ResNet18Grasp,RGB,final
17,0.0272569446027413,0.0263912357436493,0.5289993626513703,0.3600201659771582,13.093878086182713,EXP3_RESNET18_RGB_AUGMENT,2,ResNet18Grasp,RGB,final
18,0.0265521790144277,0.0268906404927838,0.6258763543658381,0.393045948001887,11.567637786887616,EXP3_RESNET18_RGB_AUGMENT,2,ResNet18Grasp,RGB,final
19,0.0270958986754218,0.0285657094605267,0.4741873804971319,0.3186657393780918,14.353816706533424,EXP3_RESNET18_RGB_AUGMENT,2,ResNet18Grasp,RGB,final
20,0.0262598740524268,0.0282236534263938,0.6940726577437859,0.3847700773844002,10.10708386111352,EXP3_RESNET18_RGB_AUGMENT,2,ResNet18Grasp,RGB,final
21,0.0266537436510662,0.0295890461094677,0.5634161886551944,0.3162799760597383,9.365386278562625,EXP3_RESNET18_RGB_AUGMENT,2,ResNet18Grasp,RGB,final
22,0.026826589091404,0.029769169203937,0.4678138942001275,0.3302156497379998,14.593627034530025,EXP3_RESNET18_RGB_AUGMENT,2,ResNet18Grasp,RGB,final
23,0.0259361432043013,0.0278257660381495,0.467176545570427,0.3207266624995301,13.5089535882094,EXP3_RESNET18_RGB_AUGMENT,2,ResNet18Grasp,RGB,final
24,0.0260688436158874,0.0289636800251901,0.5933715742511153,0.4077778167924787,13.259102268469316,EXP3_RESNET18_RGB_AUGMENT,2,ResNet18Grasp,RGB,final
25,0.0268056450059285,0.0292033927777083,0.6494582536647546,0.368656311106889,9.968460769984803,EXP3_RESNET18_RGB_AUGMENT,2,ResNet18Grasp,RGB,final
26,0.0258228379712851,0.0282565631158649,0.5723390694710007,0.345814510739914,9.79943427193351,EXP3_RESNET18_RGB_AUGMENT,2,ResNet18Grasp,RGB,final
27,0.0266908643901482,0.0274187645781785,0.5761631612492033,0.366031089109599,11.806074098631946,EXP3_RESNET18_RGB_AUGMENT,2,ResNet18Grasp,RGB,final
28,0.0258563736134821,0.0284850091673433,0.5283620140216698,0.3583005772326549,13.763531861906054,EXP3_RESNET18_RGB_AUGMENT,2,ResNet18Grasp,RGB,final
29,0.0257959814557621,0.0275672695925459,0.609942638623327,0.3758656278317373,9.174048036909298,EXP3_RESNET18_RGB_AUGMENT,2,ResNet18Grasp,RGB,final
30,0.0262470173624319,0.0279731336236,0.5952836201402167,0.362468353514924,9.856726467843217,EXP3_RESNET18_RGB_AUGMENT,2,ResNet18Grasp,RGB,final
31,0.0259681597083538,0.0276033388078212,0.5723390694710007,0.3759778483398192,11.31463913187482,EXP3_RESNET18_RGB_AUGMENT,2,ResNet18Grasp,RGB,final
32,0.0257191172893251,0.0264363311062334,0.532823454429573,0.3089633065893886,10.322950470028909,EXP3_RESNET18_RGB_AUGMENT,2,ResNet18Grasp,RGB,final
33,0.026029779743571,0.0263002879056148,0.5818992989165074,0.3501470888067511,11.44953198812978,EXP3_RESNET18_RGB_AUGMENT,2,ResNet18Grasp,RGB,final
34,0.0262058299823521,0.030327513962984,0.3282345442957298,0.2192340736876588,13.603596014409357,EXP3_RESNET18_RGB_AUGMENT,2,ResNet18Grasp,RGB,final
35,0.025812669464194,0.0277873914968222,0.5513065646908859,0.3587406117482025,13.160769474126583,EXP3_RESNET18_RGB_AUGMENT,2,ResNet18Grasp,RGB,final
36,0.0255381655627609,0.0310808316420298,0.2536647546207776,0.2204522680211702,12.310292505542154,EXP3_RESNET18_RGB_AUGMENT,2,ResNet18Grasp,RGB,final
37,0.0249403268602248,0.0296777956117875,0.3951561504142766,0.272201624064445,10.61650189873538,EXP3_RESNET18_RGB_AUGMENT,2,ResNet18Grasp,RGB,final
38,0.0254587746133004,0.0279847998637706,0.521351179094965,0.3386780263583904,13.021124867001724,EXP3_RESNET18_RGB_AUGMENT,2,ResNet18Grasp,RGB,final
39,0.0256639569410466,0.0276840892899781,0.4461440407903123,0.3164677164372929,13.337580606466476,EXP3_RESNET18_RGB_AUGMENT,2,ResNet18Grasp,RGB,final
40,0.0251257375872752,0.0290954157337546,0.4104525175270873,0.2973283205403821,12.470800125390904,EXP3_RESNET18_RGB_AUGMENT,2,ResNet18Grasp,RGB,final
41,0.0252328926512786,0.0294811456184834,0.4327597195666029,0.3109539046731953,12.802601472872473,EXP3_RESNET18_RGB_AUGMENT,2,ResNet18Grasp,RGB,final
42,0.0252976102989401,0.0287470390647649,0.4608030592734226,0.2990968721614126,11.516481229636389,EXP3_RESNET18_RGB_AUGMENT,2,ResNet18Grasp,RGB,final
43,0.0245811462335221,0.028776043960679,0.7036328871892925,0.3948210766759475,9.839639723830611,EXP3_RESNET18_RGB_AUGMENT,2,ResNet18Grasp,RGB,final
44,0.0247845964439146,0.0306351200508652,0.6003824091778203,0.3532315890316009,10.183228923916875,EXP3_RESNET18_RGB_AUGMENT,2,ResNet18Grasp,RGB,final
45,0.0255836030418002,0.0278303866251371,0.6048438495857233,0.3552890563974428,10.4279258616542,EXP3_RESNET18_RGB_AUGMENT,2,ResNet18Grasp,RGB,final
46,0.0249731653529378,0.02875214326079,0.6080305927342257,0.341643488148515,9.469228569152376,EXP3_RESNET18_RGB_AUGMENT,2,ResNet18Grasp,RGB,final
47,0.0242344423255941,0.0274419070896692,0.4620777565328234,0.2974504194566955,9.580750963395934,EXP3_RESNET18_RGB_AUGMENT,2,ResNet18Grasp,RGB,final
48,0.0248621421454994,0.0273239541263319,0.5525812619502868,0.3701489031885441,10.597713237318365,EXP3_RESNET18_RGB_AUGMENT,2,ResNet18Grasp,RGB,final
49,0.0246879044114737,0.0271610977686941,0.567240280433397,0.3382184580970528,11.78500470147352,EXP3_RESNET18_RGB_AUGMENT,2,ResNet18Grasp,RGB,final
50,0.0245001964808047,0.0281246607471257,0.4684512428298279,0.2790262616330859,11.854073568358842,EXP3_RESNET18_RGB_AUGMENT,2,ResNet18Grasp,RGB,final
1,0.0537764062383421,0.0337318519875407,0.1504142766093053,0.1416886434060644,14.63196066871632,EXP4_RESNET18_RGBD,0,ResNet18Grasp,RGB-D,oficial
2,0.0342869630234467,0.0286803626827895,0.6500956022944551,0.3859698143527481,11.95969841915834,EXP4_RESNET18_RGBD,0,ResNet18Grasp,RGB-D,oficial
3,0.030195696178723,0.0272395166731439,0.4219247928616954,0.2833439545757743,11.05292647412482,EXP4_RESNET18_RGBD,0,ResNet18Grasp,RGB-D,oficial
4,0.0281020532034941,0.0270896284782793,0.3295092415551306,0.2747949868420291,11.12247598473519,EXP4_RESNET18_RGBD,0,ResNet18Grasp,RGB-D,oficial
5,0.0270692321161429,0.026629887871677,0.461440407903123,0.323553251289201,10.10587338153975,EXP4_RESNET18_RGBD,0,ResNet18Grasp,RGB-D,oficial
6,0.0264193079107113,0.0272108805505558,0.3537284894837476,0.2737853033886607,11.146140843696427,EXP4_RESNET18_RGBD,0,ResNet18Grasp,RGB-D,oficial
7,0.025849891759388,0.0289176735165528,0.5755258126195029,0.3320233239991484,10.687533096487018,EXP4_RESNET18_RGBD,0,ResNet18Grasp,RGB-D,oficial
8,0.0254039120952691,0.0269015921792015,0.0796685787125557,0.1453588827177748,10.502092528073335,EXP4_RESNET18_RGBD,0,ResNet18Grasp,RGB-D,oficial
9,0.0248569320333567,0.0265118138166144,0.17144678138942,0.1976944300919359,9.916161933402693,EXP4_RESNET18_RGBD,0,ResNet18Grasp,RGB-D,oficial
10,0.0248271882080951,0.0275774374091997,0.5927342256214149,0.3669910680848513,12.299963580854218,EXP4_RESNET18_RGBD,0,ResNet18Grasp,RGB-D,oficial
11,0.0246944894410065,0.0308117073029279,0.0611854684512428,0.0524345348737006,12.696434437056547,EXP4_RESNET18_RGBD,0,ResNet18Grasp,RGB-D,oficial
12,0.0246303055418638,0.0286408156715333,0.2173358827278521,0.2101733317080483,11.451559034964433,EXP4_RESNET18_RGBD,0,ResNet18Grasp,RGB-D,oficial
13,0.0240256791716223,0.027869652507361,0.0694710006373486,0.0603339374576778,11.425250443939223,EXP4_RESNET18_RGBD,0,ResNet18Grasp,RGB-D,oficial
14,0.0243067430030252,0.0348090627044439,0.3792224346717655,0.2903574582984953,15.397853275658171,EXP4_RESNET18_RGBD,0,ResNet18Grasp,RGB-D,oficial
15,0.0242757324028659,0.0278772852855036,0.2364563416188655,0.2051032197995692,11.34257757784335,EXP4_RESNET18_RGBD,0,ResNet18Grasp,RGB-D,oficial
16,0.0238932483485555,0.0289400805812329,0.0376035691523263,0.0443315430111482,11.5269037711806,EXP4_RESNET18_RGBD,0,ResNet18Grasp,RGB-D,oficial
17,0.0234162564229992,0.0372119878302328,0.2084130019120459,0.2151337979299704,16.47870196721674,EXP4_RESNET18_RGBD,0,ResNet18Grasp,RGB-D,oficial
18,0.024935580479602,0.031903083063662,0.0140216698534098,0.006840768812222,12.40529896546529,EXP4_RESNET18_RGBD,0,ResNet18Grasp,RGB-D,oficial
19,0.0239979842224636,0.0290910300146788,0.3702995538559592,0.2758130436339208,13.160613599009857,EXP4_RESNET18_RGBD,0,ResNet18Grasp,RGB-D,oficial
20,0.0234405552246817,0.0284904178604483,0.1567877629063097,0.1356250061693248,13.16294604147495,EXP4_RESNET18_RGBD,0,ResNet18Grasp,RGB-D,oficial
21,0.0235687544368006,0.0301317767705768,0.1421287444231994,0.1394972947794066,12.807125508498704,EXP4_RESNET18_RGBD,0,ResNet18Grasp,RGB-D,oficial
22,0.0235439150904615,0.0268884313455782,0.2065009560229445,0.1978557450328845,10.75363501989596,EXP4_RESNET18_RGBD,0,ResNet18Grasp,RGB-D,oficial
23,0.023109289674877,0.0286467755958437,0.5022307202039515,0.3426763321379519,11.492266041341884,EXP4_RESNET18_RGBD,0,ResNet18Grasp,RGB-D,oficial
24,0.0229608693353093,0.0296169416513293,0.0388782664117272,0.0626778654155196,11.845817100917778,EXP4_RESNET18_RGBD,0,ResNet18Grasp,RGB-D,oficial
25,0.0234823978111684,0.0300435823341831,0.2708731676226896,0.2191772579148735,13.257810217438896,EXP4_RESNET18_RGBD,0,ResNet18Grasp,RGB-D,oficial
26,0.0234608463943004,0.0284086664696224,0.3887826641172721,0.2833234430439918,11.068475802996716,EXP4_RESNET18_RGBD,0,ResNet18Grasp,RGB-D,oficial
27,0.0231606169847083,0.0303140260931104,0.4601657106437221,0.2899685926854391,11.932694952039627,EXP4_RESNET18_RGBD,0,ResNet18Grasp,RGB-D,oficial
28,0.0225205985527183,0.0292792361881583,0.3065646908859146,0.2417903661141522,12.104510221567908,EXP4_RESNET18_RGBD,0,ResNet18Grasp,RGB-D,oficial
29,0.0228497611425884,0.0288906874042004,0.0210325047801147,0.0549725085570471,11.883828656075828,EXP4_RESNET18_RGBD,0,ResNet18Grasp,RGB-D,oficial
30,0.0228256487061043,0.0272714168298989,0.3454429572976418,0.2511528314937097,13.21266710497455,EXP4_RESNET18_RGBD,0,ResNet18Grasp,RGB-D,oficial
31,0.022805795870587,0.0272322845435701,0.401529636711281,0.2900544698663972,11.700749018146915,EXP4_RESNET18_RGBD,0,ResNet18Grasp,RGB-D,oficial
32,0.0223334585274527,0.0277530289348214,0.2530274059910771,0.2294088207828465,12.413708709055175,EXP4_RESNET18_RGBD,0,ResNet18Grasp,RGB-D,oficial
33,0.0228023639049481,0.0288378077838569,0.5487571701720841,0.3575423650759891,12.277511297471934,EXP4_RESNET18_RGBD,0,ResNet18Grasp,RGB-D,oficial
34,0.0225727861361192,0.0289090662263333,0.655831739961759,0.3961314896879653,12.16458469624674,EXP4_RESNET18_RGBD,0,ResNet18Grasp,RGB-D,oficial
35,0.0224249254542965,0.0275807021779473,0.5589547482472913,0.3343937905063323,10.035314754702126,EXP4_RESNET18_RGBD,0,ResNet18Grasp,RGB-D,oficial
36,0.022492135245655,0.0285274874418973,0.3951561504142766,0.2774060325313173,11.8474558851417,EXP4_RESNET18_RGBD,0,ResNet18Grasp,RGB-D,oficial
37,0.0227512322273944,0.0290069733746349,0.5404716379859783,0.3584204397230451,12.522783518033366,EXP4_RESNET18_RGBD,0,ResNet18Grasp,RGB-D,oficial
38,0.0221517273636014,0.0280276710819453,0.5889101338432122,0.3490093650295415,11.91074570594743,EXP4_RESNET18_RGBD,0,ResNet18Grasp,RGB-D,oficial
39,0.0219372887382501,0.0274315957026556,0.4850223072020395,0.3654587215026831,11.933180527844872,EXP4_RESNET18_RGBD,0,ResNet18Grasp,RGB-D,oficial
40,0.0222956445152023,0.0283360781893134,0.3792224346717655,0.2605930820339379,13.905597603990282,EXP4_RESNET18_RGBD,0,ResNet18Grasp,RGB-D,oficial
41,0.0222856198932539,0.0280832405947148,0.3792224346717655,0.3159896320179014,12.919520405748337,EXP4_RESNET18_RGBD,0,ResNet18Grasp,RGB-D,oficial
42,0.0222168044682155,0.029855709047988,0.4091778202676864,0.2605782927746635,12.23709347201524,EXP4_RESNET18_RGBD,0,ResNet18Grasp,RGB-D,oficial
43,0.021742583638443,0.0282583026774227,0.2670490758444869,0.233744436213803,13.26492499145442,EXP4_RESNET18_RGBD,0,ResNet18Grasp,RGB-D,oficial
44,0.0220989795099641,0.0274130625021643,0.574251115360102,0.3708872504630335,11.67898769035587,EXP4_RESNET18_RGBD,0,ResNet18Grasp,RGB-D,oficial
45,0.0219248166425271,0.028489397894591,0.395793499043977,0.3151896422634578,13.683587000909494,EXP4_RESNET18_RGBD,0,ResNet18Grasp,RGB-D,oficial
46,0.0222390544944786,0.0284187699481844,0.5474824729126833,0.3682496265463433,12.002614479291427,EXP4_RESNET18_RGBD,0,ResNet18Grasp,RGB-D,oficial
47,0.0216290839352049,0.0295613983599469,0.3734862970044614,0.2650553964317981,11.94244067324645,EXP4_RESNET18_RGBD,0,ResNet18Grasp,RGB-D,oficial
48,0.0222969819615418,0.0281960572616662,0.367112810707457,0.2318654245975685,12.220509006901992,EXP4_RESNET18_RGBD,0,ResNet18Grasp,RGB-D,oficial
49,0.0216384287755768,0.0273647391865961,0.4633524537922243,0.3107805408521626,13.273227748948074,EXP4_RESNET18_RGBD,0,ResNet18Grasp,RGB-D,oficial
50,0.0215269007661321,0.02790278340457,0.5965583173996176,0.3554429791474646,11.98769277870324,EXP4_RESNET18_RGBD,0,ResNet18Grasp,RGB-D,oficial
1,0.0546593617580763,0.0277853526547551,0.4391332058636074,0.2911664709415001,13.198794643576386,EXP4_RESNET18_RGBD,1,ResNet18Grasp,RGB-D,oficial
2,0.0326555753546255,0.0344117291457951,0.4506054811982154,0.3195951567019192,14.440155133670933,EXP4_RESNET18_RGBD,1,ResNet18Grasp,RGB-D,oficial
3,0.0291670900308065,0.02835269683972,0.1070745697896749,0.1223291981984286,10.350923386287256,EXP4_RESNET18_RGBD,1,ResNet18Grasp,RGB-D,oficial
4,0.0279138537610436,0.0288348161592148,0.5283620140216698,0.3298036032127273,9.000276700273945,EXP4_RESNET18_RGBD,1,ResNet18Grasp,RGB-D,oficial
5,0.0268824352287091,0.0276455108169466,0.0133843212237093,0.056537948498588,9.507706990775764,EXP4_RESNET18_RGBD,1,ResNet18Grasp,RGB-D,oficial
6,0.0264081009621689,0.0279235022002831,0.3320586360739324,0.2700511935395199,9.882747104840597,EXP4_RESNET18_RGBD,1,ResNet18Grasp,RGB-D,oficial
7,0.0255542296060436,0.028725658012554,0.1542383683875079,0.1740774123058906,11.97260919729234,EXP4_RESNET18_RGBD,1,ResNet18Grasp,RGB-D,oficial
8,0.0256745846405088,0.0265215489501133,0.4990439770554493,0.3180404334054061,11.81248611571541,EXP4_RESNET18_RGBD,1,ResNet18Grasp,RGB-D,oficial
9,0.0246013968780234,0.026026970394887,0.5200764818355641,0.3442489701957961,10.352431539132978,EXP4_RESNET18_RGBD,1,ResNet18Grasp,RGB-D,oficial
10,0.0249871226900198,0.0296474147494882,0.2823454429572976,0.2382919287290129,13.463418128537157,EXP4_RESNET18_RGBD,1,ResNet18Grasp,RGB-D,oficial
11,0.0250573174876941,0.0298017930891364,0.3575525812619503,0.2671438894910824,14.027632880662246,EXP4_RESNET18_RGBD,1,ResNet18Grasp,RGB-D,oficial
12,0.0251199367733017,0.0271589450724422,0.5991077119184194,0.3811409057602871,10.417132500491093,EXP4_RESNET18_RGBD,1,ResNet18Grasp,RGB-D,oficial
13,0.0241901545768586,0.0264232189208269,0.4168260038240918,0.312536604609165,12.06559691796346,EXP4_RESNET18_RGBD,1,ResNet18Grasp,RGB-D,oficial
14,0.0243040697128923,0.0271335075981915,0.0745697896749522,0.1183448547206135,12.09125518872926,EXP4_RESNET18_RGBD,1,ResNet18Grasp,RGB-D,oficial
15,0.0238158810246098,0.0273205671086907,0.1695347355003186,0.1955118284976012,13.262019785387311,EXP4_RESNET18_RGBD,1,ResNet18Grasp,RGB-D,oficial
16,0.0233789930657089,0.0311107043083757,0.3677501593371574,0.2752526855450146,13.871057000227,EXP4_RESNET18_RGBD,1,ResNet18Grasp,RGB-D,oficial
17,0.0239032174687127,0.0263210534583777,0.5283620140216698,0.3498126417830526,12.064493233775927,EXP4_RESNET18_RGBD,1,ResNet18Grasp,RGB-D,oficial
18,0.0237419516066307,0.0259296812338288,0.579987253027406,0.3659245981171963,10.596426449231483,EXP4_RESNET18_RGBD,1,ResNet18Grasp,RGB-D,oficial
19,0.0236278380359615,0.0279973830934613,0.337157425111536,0.2412208450299448,12.177712141414164,EXP4_RESNET18_RGBD,1,ResNet18Grasp,RGB-D,oficial
20,0.024017000621235,0.0280042846570722,0.2734225621414914,0.2094729939888544,12.518040713885677,EXP4_RESNET18_RGBD,1,ResNet18Grasp,RGB-D,oficial
21,0.0235652690501631,0.0291659021144732,0.1096239643084767,0.1123045970341766,10.902938202436024,EXP4_RESNET18_RGBD,1,ResNet18Grasp,RGB-D,oficial
22,0.0234644356108195,0.0269521563639864,0.5436583811344805,0.3430547452798809,11.7218895483697,EXP4_RESNET18_RGBD,1,ResNet18Grasp,RGB-D,oficial
23,0.0233376717094231,0.028684944147244,0.3397068196303378,0.2563821001601075,10.675872864108689,EXP4_RESNET18_RGBD,1,ResNet18Grasp,RGB-D,oficial
24,0.0227758890806554,0.0292811776604503,0.4652644996813256,0.2792942515639804,11.161215685689289,EXP4_RESNET18_RGBD,1,ResNet18Grasp,RGB-D,oficial
25,0.0229517496862188,0.027959586372599,0.3983428935627788,0.2972606701314864,11.90124870475093,EXP4_RESNET18_RGBD,1,ResNet18Grasp,RGB-D,oficial
26,0.0229648433474672,0.0285591171868145,0.3224984066284257,0.2358354023302609,13.235022447541862,EXP4_RESNET18_RGBD,1,ResNet18Grasp,RGB-D,oficial
27,0.0227580934444123,0.0277507044724188,0.3460803059273422,0.2589294458891757,10.993697294701256,EXP4_RESNET18_RGBD,1,ResNet18Grasp,RGB-D,oficial
28,0.0233188803467127,0.0286832860764116,0.2887189292543021,0.2057971601463489,13.155726755883068,EXP4_RESNET18_RGBD,1,ResNet18Grasp,RGB-D,oficial
29,0.0231301852980175,0.0269136824272573,0.4684512428298279,0.325753376647276,10.007240431097188,EXP4_RESNET18_RGBD,1,ResNet18Grasp,RGB-D,oficial
30,0.0228464493175616,0.0315378873236477,0.105799872530274,0.0968768093552994,13.89116618199571,EXP4_RESNET18_RGBD,1,ResNet18Grasp,RGB-D,oficial
31,0.0227001900910525,0.0276714728586375,0.1803696622052262,0.1480311955881074,13.077484594394353,EXP4_RESNET18_RGBD,1,ResNet18Grasp,RGB-D,oficial
32,0.0224044105575025,0.0349516925471834,0.3046526449968132,0.2370683629789848,13.912430153563426,EXP4_RESNET18_RGBD,1,ResNet18Grasp,RGB-D,oficial
33,0.0220607286906457,0.0274594199098646,0.5551306564690885,0.350695708117897,11.51742310691044,EXP4_RESNET18_RGBD,1,ResNet18Grasp,RGB-D,oficial
34,0.0227027162154381,0.0295378143992275,0.2377310388782664,0.2173524087830239,13.72545394306107,EXP4_RESNET18_RGBD,1,ResNet18Grasp,RGB-D,oficial
35,0.02273976233125,0.0274467683862894,0.6207775653282346,0.3596869456783725,10.549071900324284,EXP4_RESNET18_RGBD,1,ResNet18Grasp,RGB-D,oficial
36,0.0224506800977496,0.0277121144719421,0.395793499043977,0.2723284336020243,11.568587720299982,EXP4_RESNET18_RGBD,1,ResNet18Grasp,RGB-D,oficial
37,0.0224379226565361,0.0280415059905499,0.1516889738687062,0.1517345044613159,12.634820768927831,EXP4_RESNET18_RGBD,1,ResNet18Grasp,RGB-D,oficial
38,0.0225954581270212,0.0307164019113406,0.3307839388145315,0.2462690724145875,11.501998146411989,EXP4_RESNET18_RGBD,1,ResNet18Grasp,RGB-D,oficial
39,0.0223518151303266,0.0286933190282434,0.4321223709369025,0.282874206331364,10.56621812058281,EXP4_RESNET18_RGBD,1,ResNet18Grasp,RGB-D,oficial
40,0.0224477791034423,0.0320157650625333,0.0388782664117272,0.0444595124046507,14.754474913886352,EXP4_RESNET18_RGBD,1,ResNet18Grasp,RGB-D,oficial
41,0.0220892058416932,0.0274123496562242,0.51434034416826,0.3257467170957609,9.986217156659343,EXP4_RESNET18_RGBD,1,ResNet18Grasp,RGB-D,oficial
42,0.0222808121040731,0.0288472001813352,0.2874442319949012,0.2317051361043025,14.505211218679666,EXP4_RESNET18_RGBD,1,ResNet18Grasp,RGB-D,oficial
43,0.0218508983584674,0.0268875002302229,0.6003824091778203,0.3365045113722374,9.823225951370116,EXP4_RESNET18_RGBD,1,ResNet18Grasp,RGB-D,oficial
44,0.0218242806810382,0.0264840840827673,0.5423836838750796,0.3459186040173871,11.084927156256098,EXP4_RESNET18_RGBD,1,ResNet18Grasp,RGB-D,oficial
45,0.0216920520137022,0.0274620430724462,0.4639898024219248,0.294209018320718,9.694037985751596,EXP4_RESNET18_RGBD,1,ResNet18Grasp,RGB-D,oficial
46,0.0214707759116683,0.0299657081672921,0.5952836201402167,0.351903439898178,11.644043502670236,EXP4_RESNET18_RGBD,1,ResNet18Grasp,RGB-D,oficial
47,0.0220550300788369,0.0285293630301021,0.6347992351816444,0.367068411497771,10.92118871181505,EXP4_RESNET18_RGBD,1,ResNet18Grasp,RGB-D,oficial
48,0.0221441932744136,0.026656082997797,0.6303377947737412,0.3887111786713652,11.28210852416712,EXP4_RESNET18_RGBD,1,ResNet18Grasp,RGB-D,oficial
49,0.0217178486337935,0.0290800140929059,0.627151051625239,0.3622347318040739,11.393190811007102,EXP4_RESNET18_RGBD,1,ResNet18Grasp,RGB-D,oficial
50,0.0215778748697794,0.0282873382698744,0.4882090503505417,0.304427755457086,11.443518586866611,EXP4_RESNET18_RGBD,1,ResNet18Grasp,RGB-D,oficial
1,0.0521610166609018,0.0312050375435501,0.2039515615041427,0.1677753618644381,10.720702320109236,EXP4_RESNET18_RGBD,2,ResNet18Grasp,RGB-D,oficial
2,0.0326326835044735,0.0292552999407053,0.2848948374760994,0.2113380431846398,13.313727794861055,EXP4_RESNET18_RGBD,2,ResNet18Grasp,RGB-D,oficial
3,0.029409382584597,0.0268990512186428,0.5901848311026131,0.3829536416511686,9.866639005498424,EXP4_RESNET18_RGBD,2,ResNet18Grasp,RGB-D,oficial
4,0.0283941561272283,0.0296190558653324,0.2058636073932441,0.1944690319935503,11.522468201125854,EXP4_RESNET18_RGBD,2,ResNet18Grasp,RGB-D,oficial
5,0.0268089373738647,0.0273385376995429,0.2925430210325048,0.2545129413973844,9.854209099860569,EXP4_RESNET18_RGBD,2,ResNet18Grasp,RGB-D,oficial
6,0.0257513786137506,0.0270680490764789,0.4461440407903123,0.2824028383681768,10.167228263621642,EXP4_RESNET18_RGBD,2,ResNet18Grasp,RGB-D,oficial
7,0.025684268658494,0.0276754303369671,0.5455704270235819,0.3287410361188806,10.799226204261544,EXP4_RESNET18_RGBD,2,ResNet18Grasp,RGB-D,oficial
8,0.0254826547729002,0.0276891170535236,0.4289356277884003,0.2974561598073671,12.81822463957815,EXP4_RESNET18_RGBD,2,ResNet18Grasp,RGB-D,oficial
9,0.0249176004582697,0.0289262942457571,0.1153601019757807,0.1109816555468032,12.48669348924106,EXP4_RESNET18_RGBD,2,ResNet18Grasp,RGB-D,oficial
10,0.0248385257767261,0.0304649846162647,0.3811344805608668,0.2864089994998747,13.670979758154363,EXP4_RESNET18_RGBD,2,ResNet18Grasp,RGB-D,oficial
11,0.0247082680983989,0.0269767192937433,0.4639898024219248,0.3104418752704287,12.666678356395494,EXP4_RESNET18_RGBD,2,ResNet18Grasp,RGB-D,oficial
12,0.0241657400688341,0.0264987163583282,0.4066284257488846,0.3024142662089322,12.073218690137134,EXP4_RESNET18_RGBD,2,ResNet18Grasp,RGB-D,oficial
13,0.0242816439854937,0.0273511232575401,0.1682600382409178,0.1782986327229427,11.3369351215277,EXP4_RESNET18_RGBD,2,ResNet18Grasp,RGB-D,oficial
14,0.0240281845803733,0.0271778863406507,0.3556405353728489,0.2572107652840782,10.926419645351254,EXP4_RESNET18_RGBD,2,ResNet18Grasp,RGB-D,oficial
15,0.0242870253183551,0.0287823498621583,0.4518801784576163,0.3126755403029301,13.721616101644315,EXP4_RESNET18_RGBD,2,ResNet18Grasp,RGB-D,oficial
16,0.0241728594761576,0.0291805000882595,0.4760994263862332,0.2986040309957936,10.68886706610122,EXP4_RESNET18_RGBD,2,ResNet18Grasp,RGB-D,oficial
17,0.0242909527727746,0.0286421522125601,0.4608030592734226,0.3505742598077344,13.864435927552622,EXP4_RESNET18_RGBD,2,ResNet18Grasp,RGB-D,oficial
18,0.0235678490108667,0.0295225351676344,0.2339069471000637,0.2196026359103313,10.163721176211926,EXP4_RESNET18_RGBD,2,ResNet18Grasp,RGB-D,oficial
19,0.0236396657068047,0.0279281753918621,0.5908221797323135,0.3790238675265792,13.47268244798916,EXP4_RESNET18_RGBD,2,ResNet18Grasp,RGB-D,oficial
20,0.0239041835774441,0.026414805582026,0.4805608667941364,0.3024859590785185,12.313302612244014,EXP4_RESNET18_RGBD,2,ResNet18Grasp,RGB-D,oficial
21,0.0241296305950429,0.0278214154014131,0.5468451242829828,0.338833788126,11.458366353448229,EXP4_RESNET18_RGBD,2,ResNet18Grasp,RGB-D,oficial
22,0.0235169893801883,0.0291009857156313,0.3307839388145315,0.2556240195588533,12.574124039533892,EXP4_RESNET18_RGBD,2,ResNet18Grasp,RGB-D,oficial
23,0.0232267876382212,0.0268854256381746,0.1325685149776928,0.1535739515857235,11.487752022041162,EXP4_RESNET18_RGBD,2,ResNet18Grasp,RGB-D,oficial
24,0.0233993849775812,0.0280723753280472,0.3862332695984704,0.2981901902922699,13.444630266530575,EXP4_RESNET18_RGBD,2,ResNet18Grasp,RGB-D,oficial
25,0.023306258534593,0.0290555400960147,0.4308476736775016,0.2604806095600952,10.943838221685024,EXP4_RESNET18_RGBD,2,ResNet18Grasp,RGB-D,oficial
26,0.0234294240740505,0.0294632783206179,0.4716379859783301,0.3015927971748189,10.877926778241262,EXP4_RESNET18_RGBD,2,ResNet18Grasp,RGB-D,oficial
27,0.0231834873137576,0.0291000460367649,0.1408540471637986,0.0988828325083897,11.648888502190898,EXP4_RESNET18_RGBD,2,ResNet18Grasp,RGB-D,oficial
28,0.0234303847207008,0.0299550123792141,0.0554493307839388,0.0434171841541372,12.584805393431568,EXP4_RESNET18_RGBD,2,ResNet18Grasp,RGB-D,oficial
29,0.0232153559388878,0.0287382787279784,0.5334608030592735,0.3573614225508488,11.95135277530776,EXP4_RESNET18_RGBD,2,ResNet18Grasp,RGB-D,oficial
30,0.0228144226025219,0.0272673628851771,0.6124920331421287,0.3642652775373122,12.01902548412068,EXP4_RESNET18_RGBD,2,ResNet18Grasp,RGB-D,oficial
31,0.0228328028072913,0.0271069111279211,0.4780114722753346,0.3158538463345423,12.29499936981228,EXP4_RESNET18_RGBD,2,ResNet18Grasp,RGB-D,oficial
32,0.0236386050688321,0.0298054095590487,0.0707456978967495,0.0892157781876464,12.604071125655702,EXP4_RESNET18_RGBD,2,ResNet18Grasp,RGB-D,oficial
33,0.0229122937270985,0.028647356594447,0.397068196303378,0.2826468756494395,11.425194202655303,EXP4_RESNET18_RGBD,2,ResNet18Grasp,RGB-D,oficial
34,0.0224711671471595,0.0286451219813898,0.1281070745697896,0.1361835609386341,13.19522167887179,EXP4_RESNET18_RGBD,2,ResNet18Grasp,RGB-D,oficial
35,0.0226114659175813,0.0308628838695585,0.3645634161886552,0.215084339784795,11.91618058728024,EXP4_RESNET18_RGBD,2,ResNet18Grasp,RGB-D,oficial
36,0.0223854009548688,0.0275114012276753,0.5315487571701721,0.3221831850474704,12.420694890065844,EXP4_RESNET18_RGBD,2,ResNet18Grasp,RGB-D,oficial
37,0.0223393291486678,0.027100629156921,0.4576163161249203,0.3133710322446585,11.774203993740374,EXP4_RESNET18_RGBD,2,ResNet18Grasp,RGB-D,oficial
38,0.0226885645507692,0.0281153246387839,0.4888463989802422,0.3391042478345221,13.82710899703091,EXP4_RESNET18_RGBD,2,ResNet18Grasp,RGB-D,oficial
39,0.0229379238711821,0.027073208251968,0.5098789037603569,0.3245572855282309,12.408994699141832,EXP4_RESNET18_RGBD,2,ResNet18Grasp,RGB-D,oficial
40,0.0223119989759078,0.0283799138665199,0.532823454429573,0.3361707805949638,11.812690769905847,EXP4_RESNET18_RGBD,2,ResNet18Grasp,RGB-D,oficial
41,0.0225469810753926,0.0294557540863752,0.4008922880815806,0.2920695779338522,12.054154317926676,EXP4_RESNET18_RGBD,2,ResNet18Grasp,RGB-D,oficial
42,0.022031258447683,0.0285795932170003,0.5219885277246654,0.3622833648620076,13.32598134472259,EXP4_RESNET18_RGBD,2,ResNet18Grasp,RGB-D,oficial
43,0.0220013597124331,0.0273977032501716,0.325685149776928,0.2167813304624239,11.549528177291036,EXP4_RESNET18_RGBD,2,ResNet18Grasp,RGB-D,oficial
44,0.0221683765249746,0.0295138790947385,0.5417463352453792,0.365271382441681,13.215425357471856,EXP4_RESNET18_RGBD,2,ResNet18Grasp,RGB-D,oficial
45,0.0222029325359307,0.0287849421636201,0.5564053537284895,0.3404080082750463,14.532927710697487,EXP4_RESNET18_RGBD,2,ResNet18Grasp,RGB-D,oficial
46,0.0219821207317615,0.0273368696216493,0.5398342893562779,0.3374912377371036,11.760579818293118,EXP4_RESNET18_RGBD,2,ResNet18Grasp,RGB-D,oficial
47,0.0217706582651616,0.0265150731988251,0.5901848311026131,0.3656885805485369,11.736584093797836,EXP4_RESNET18_RGBD,2,ResNet18Grasp,RGB-D,oficial
48,0.0219726352490954,0.0281783368438482,0.5901848311026131,0.373286312987109,11.004377717304324,EXP4_RESNET18_RGBD,2,ResNet18Grasp,RGB-D,oficial
49,0.022035103375176,0.0297130045900121,0.2409177820267686,0.1809369739117775,13.672367953029342,EXP4_RESNET18_RGBD,2,ResNet18Grasp,RGB-D,oficial
50,0.0212298174229291,0.0274331074533984,0.65710643722116,0.4004947834455899,11.192185820572837,EXP4_RESNET18_RGBD,2,ResNet18Grasp,RGB-D,oficial
1,0.0442049697645612,0.0442595605179667,0.0554493307839388,0.131388085636243,23.43312926634498,EXP1.1_SIMPLEGRASP_RGB,0,SimpleGrasp,RGB,auxiliar
2,0.0307163578281934,0.0385612282902002,0.0,0.0131507182338931,21.115446608222992,EXP1.1_SIMPLEGRASP_RGB,0,SimpleGrasp,RGB,auxiliar
3,0.0283662322824737,0.0330928904004395,0.0356915232632249,0.0793870851103285,17.659714329395285,EXP1.1_SIMPLEGRASP_RGB,0,SimpleGrasp,RGB,auxiliar
4,0.027317215730478,0.0321183968381956,0.0567240280433397,0.0843835750724415,14.080730777238385,EXP1.1_SIMPLEGRASP_RGB,0,SimpleGrasp,RGB,auxiliar
5,0.0260584738340463,0.0376466708816587,0.0369662205226258,0.0222152968516949,18.68198417033323,EXP1.1_SIMPLEGRASP_RGB,0,SimpleGrasp,RGB,auxiliar
6,0.0252676910997645,0.0360438288375735,0.2683237731038878,0.160705630165159,16.262397887416064,EXP1.1_SIMPLEGRASP_RGB,0,SimpleGrasp,RGB,auxiliar
7,0.0252320675078678,0.032197706317529,0.0146590184831102,0.0340712073525555,13.690704389210056,EXP1.1_SIMPLEGRASP_RGB,0,SimpleGrasp,RGB,auxiliar
8,0.0244977951955956,0.0306788559420965,0.1606118546845124,0.1456361208592766,12.504474771140924,EXP1.1_SIMPLEGRASP_RGB,0,SimpleGrasp,RGB,auxiliar
9,0.0244393140446763,0.0312018673028796,0.022944550669216,0.0292011251883912,13.33253591491074,EXP1.1_SIMPLEGRASP_RGB,0,SimpleGrasp,RGB,auxiliar
10,0.0240120567247137,0.031828017522348,0.2421924792861695,0.1601257913674983,14.315510344648237,EXP1.1_SIMPLEGRASP_RGB,0,SimpleGrasp,RGB,auxiliar
1,0.0451430180823212,0.032895388584584,0.0,0.0210224855787478,15.025825121944942,EXP1.1_SIMPLEGRASP_RGB,1,SimpleGrasp,RGB,auxiliar
2,0.0298305106945,0.0474902167543768,0.005736137667304,0.0051880156816708,23.07131050286388,EXP1.1_SIMPLEGRASP_RGB,1,SimpleGrasp,RGB,auxiliar
3,0.0280265314756213,0.0452617132663726,0.0,0.0,16.983105982679252,EXP1.1_SIMPLEGRASP_RGB,1,SimpleGrasp,RGB,auxiliar
4,0.0270561122897643,0.0332083849469199,0.0133843212237093,0.028999829254002,14.936322133493324,EXP1.1_SIMPLEGRASP_RGB,1,SimpleGrasp,RGB,auxiliar
5,0.0258337939997111,0.0335465978644788,0.4703632887189292,0.3203739032548486,14.045870550906418,EXP1.1_SIMPLEGRASP_RGB,1,SimpleGrasp,RGB,auxiliar
6,0.0252811334574142,0.0303008785960264,0.4384958572339069,0.274129106526806,12.505335984730516,EXP1.1_SIMPLEGRASP_RGB,1,SimpleGrasp,RGB,auxiliar
7,0.0249337829599106,0.0356360498815774,0.0,0.0007136111387223,16.828466570894665,EXP1.1_SIMPLEGRASP_RGB,1,SimpleGrasp,RGB,auxiliar
8,0.0246777208354156,0.0342272160295397,0.331421287444232,0.2893930983049342,15.890458150750568,EXP1.1_SIMPLEGRASP_RGB,1,SimpleGrasp,RGB,auxiliar
9,0.0244777468158989,0.0313560508133377,0.1542383683875079,0.1348359295167517,14.43943382521119,EXP1.1_SIMPLEGRASP_RGB,1,SimpleGrasp,RGB,auxiliar
10,0.023970905397725,0.0374419249221682,0.0956022944550669,0.1649246767600563,16.033384924605322,EXP1.1_SIMPLEGRASP_RGB,1,SimpleGrasp,RGB,auxiliar
1,0.0476540833510257,0.0324655741825699,0.0548119821542383,0.1133039791782095,14.495136667311868,EXP1.1_SIMPLEGRASP_RGB,2,SimpleGrasp,RGB,auxiliar
2,0.0305561947023814,0.0402262823842465,0.2632249840662842,0.2470314610987893,19.818705790101927,EXP1.1_SIMPLEGRASP_RGB,2,SimpleGrasp,RGB,auxiliar
3,0.0285583331023116,0.0318579143844544,0.0293180369662205,0.0372188252624638,12.540497671281631,EXP1.1_SIMPLEGRASP_RGB,2,SimpleGrasp,RGB,auxiliar
4,0.0271734964471679,0.0318407336715608,0.0809432759719566,0.06534735854622,13.732045765262129,EXP1.1_SIMPLEGRASP_RGB,2,SimpleGrasp,RGB,auxiliar
5,0.0257898854628742,0.0312981052498798,0.0809432759719566,0.0998199805714222,12.35745752346253,EXP1.1_SIMPLEGRASP_RGB,2,SimpleGrasp,RGB,auxiliar
6,0.0254428525799298,0.0324036758951842,0.1810070108349267,0.1974104734575537,16.207141543973222,EXP1.1_SIMPLEGRASP_RGB,2,SimpleGrasp,RGB,auxiliar
7,0.0250281079059785,0.0341450040065683,0.3084767367750159,0.2791645076399241,15.55593731513908,EXP1.1_SIMPLEGRASP_RGB,2,SimpleGrasp,RGB,auxiliar
8,0.0247023058300082,0.0326662370096892,0.1803696622052262,0.2274786440043309,15.54298102353056,EXP1.1_SIMPLEGRASP_RGB,2,SimpleGrasp,RGB,auxiliar
9,0.0242829471910456,0.0313102919608354,0.3550031867431485,0.2620130116517455,13.304881746773331,EXP1.1_SIMPLEGRASP_RGB,2,SimpleGrasp,RGB,auxiliar
10,0.0243373726838612,0.0313593361340463,0.0159337157425111,0.0528965475920246,12.274404225621636,EXP1.1_SIMPLEGRASP_RGB,2,SimpleGrasp,RGB,auxiliar
1,0.0777936427275071,0.0330065271258354,0.1542383683875079,0.2121510200409378,16.862724221048786,EXP1.2_SIMPLEGRASP_RGBD,0,SimpleGrasp,RGB-D,auxiliar
2,0.0373725304799573,0.0334546900168061,0.3881453154875717,0.2524621491489932,17.199273623562036,EXP1.2_SIMPLEGRASP_RGBD,0,SimpleGrasp,RGB-D,auxiliar
3,0.0354980632562089,0.0342535807192325,0.0739324410452517,0.067395772396855,16.441492071866875,EXP1.2_SIMPLEGRASP_RGBD,0,SimpleGrasp,RGB-D,auxiliar
4,0.0339297086570982,0.0324060891009867,0.3575525812619503,0.2446672033399121,17.001093425619484,EXP1.2_SIMPLEGRASP_RGBD,0,SimpleGrasp,RGB-D,auxiliar
5,0.0339065510947425,0.0355368201062083,0.0,0.0,16.51892763329,EXP1.2_SIMPLEGRASP_RGBD,0,SimpleGrasp,RGB-D,auxiliar
6,0.0331348409322468,0.0330212812311947,0.1567877629063097,0.1401647370579233,16.261575204755022,EXP1.2_SIMPLEGRASP_RGBD,0,SimpleGrasp,RGB-D,auxiliar
7,0.0321963745093828,0.0383008851483464,0.1293817718291905,0.1303032688958834,19.309871595023758,EXP1.2_SIMPLEGRASP_RGBD,0,SimpleGrasp,RGB-D,auxiliar
8,0.0324728823443119,0.0321954968385398,0.047163798597833,0.1281104905436837,16.49652016838908,EXP1.2_SIMPLEGRASP_RGBD,0,SimpleGrasp,RGB-D,auxiliar
9,0.031686321815459,0.0371347137168049,0.0,0.0,16.56602769929713,EXP1.2_SIMPLEGRASP_RGBD,0,SimpleGrasp,RGB-D,auxiliar
10,0.0317088876188069,0.0326169309020042,0.0809432759719566,0.1213076295362694,14.841211893954435,EXP1.2_SIMPLEGRASP_RGBD,0,SimpleGrasp,RGB-D,auxiliar
1,0.069854721661892,0.0325389070995152,0.1612492033142128,0.1296446489183934,16.639752781005754,EXP1.2_SIMPLEGRASP_RGBD,1,SimpleGrasp,RGB-D,auxiliar
2,0.0344159629128806,0.0330382341705262,0.1963033779477374,0.1492989968317949,16.538723974970353,EXP1.2_SIMPLEGRASP_RGBD,1,SimpleGrasp,RGB-D,auxiliar
3,0.0346118658613245,0.0331476969830691,0.0407903123008285,0.0761496546249212,16.662322675318496,EXP1.2_SIMPLEGRASP_RGBD,1,SimpleGrasp,RGB-D,auxiliar
4,0.0339428965203665,0.0326784009672701,0.3938814531548757,0.3164079704152972,17.273126799755648,EXP1.2_SIMPLEGRASP_RGBD,1,SimpleGrasp,RGB-D,auxiliar
5,0.0337038205282108,0.034700017478317,0.0,0.0048355973840385,16.695068983869138,EXP1.2_SIMPLEGRASP_RGBD,1,SimpleGrasp,RGB-D,auxiliar
6,0.0331856696321083,0.0358956490457057,0.0,0.0105812472402826,16.61674526972515,EXP1.2_SIMPLEGRASP_RGBD,1,SimpleGrasp,RGB-D,auxiliar
7,0.0327177122570909,0.0509256288781762,0.0,0.0,19.382967021491325,EXP1.2_SIMPLEGRASP_RGBD,1,SimpleGrasp,RGB-D,auxiliar
8,0.0325720870011561,0.0328920070827007,0.0401529636711281,0.0856353550451537,16.879215214393444,EXP1.2_SIMPLEGRASP_RGBD,1,SimpleGrasp,RGB-D,auxiliar
9,0.0318708810284062,0.033620114121586,0.0127469725940089,0.0104080453669214,16.118185563763465,EXP1.2_SIMPLEGRASP_RGBD,1,SimpleGrasp,RGB-D,auxiliar
10,0.0316209272053596,0.0393639670684933,0.0,0.0,16.66306994539895,EXP1.2_SIMPLEGRASP_RGBD,1,SimpleGrasp,RGB-D,auxiliar
1,0.0762312523181642,0.0339256861619651,0.4608030592734226,0.3547282827084267,16.887710284317432,EXP1.2_SIMPLEGRASP_RGBD,2,SimpleGrasp,RGB-D,auxiliar
2,0.0351685352187167,0.0321842173114419,0.3218610579987253,0.280458638547687,16.788217564811337,EXP1.2_SIMPLEGRASP_RGBD,2,SimpleGrasp,RGB-D,auxiliar
3,0.0344715627699016,0.032114494908601,0.1510516252390057,0.163665580795446,16.574597698286055,EXP1.2_SIMPLEGRASP_RGBD,2,SimpleGrasp,RGB-D,auxiliar
4,0.0338646957130582,0.035918353870511,0.0,1.498781806200536e-05,16.75692981640173,EXP1.2_SIMPLEGRASP_RGBD,2,SimpleGrasp,RGB-D,auxiliar
5,0.0342817103473452,0.0375941518694162,0.0,0.0018012606602028,16.87444168116002,EXP1.2_SIMPLEGRASP_RGBD,2,SimpleGrasp,RGB-D,auxiliar
6,0.0332679488268252,0.0407670361548662,0.0,0.0,16.665954109835045,EXP1.2_SIMPLEGRASP_RGBD,2,SimpleGrasp,RGB-D,auxiliar
7,0.0325224405775467,0.0475557722896337,0.0,0.0,16.77752264190139,EXP1.2_SIMPLEGRASP_RGBD,2,SimpleGrasp,RGB-D,auxiliar
8,0.0323985923450809,0.0439084148779511,0.0,0.0,16.409978735383948,EXP1.2_SIMPLEGRASP_RGBD,2,SimpleGrasp,RGB-D,auxiliar
9,0.0315134084808665,0.0346382128819823,0.0,0.025288727473947,15.559072473573648,EXP1.2_SIMPLEGRASP_RGBD,2,SimpleGrasp,RGB-D,auxiliar
10,0.0319691879993623,0.0449303740262985,0.0,0.0001049536819037,20.239617468022885,EXP1.2_SIMPLEGRASP_RGBD,2,SimpleGrasp,RGB-D,auxiliar
