wall_time,ros_time,shoulder_pan,shoulder_lift,elbow,wrist_1,wrist_2,wrist_3,finger1,finger2,vel_pan,vel_lift,vel_elbow,vel_w1,vel_w2,vel_w3,eff_pan,eff_lift,eff_elbow,eff_w1,eff_w2,eff_w3,dh_x,dh_y,dh_z,dh_roll,dh_pitch,dh_yaw
1777116264.952,277.524000000,-0.661214,-1.810686,2.164340,0.047627,-5.376013,-4.709492,1.000000,1.000000,-0.000000,0.000000,0.000000,0.000000,-0.000000,-0.000000,nan,nan,nan,nan,nan,nan,-0.068974,-0.265908,0.402992,-88.543681,-55.451390,176.199465
1777116264.978,277.532000000,-0.661214,-1.810686,2.164340,0.047627,-5.376013,-4.709492,1.000000,1.000000,-0.000000,0.000000,0.000000,0.000000,-0.000000,-0.000000,nan,nan,nan,nan,nan,nan,-0.068974,-0.265908,0.402992,-88.543681,-55.451390,176.199465
1777116265.022,277.543000000,-0.661214,-1.810686,2.164340,0.047627,-5.376013,-4.709492,1.000000,1.000000,-0.000000,0.000000,0.000000,0.000000,0.000000,0.000000,nan,nan,nan,nan,nan,nan,-0.068974,-0.265908,0.402992,-88.543681,-55.451390,176.199465
1777116265.041,277.551000000,-0.661214,-1.810686,2.164340,0.047627,-5.376013,-4.709492,1.000000,1.000000,-0.000000,0.000000,0.000000,0.000000,-0.000000,-0.000000,nan,nan,nan,nan,nan,nan,-0.068974,-0.265908,0.402992,-88.543681,-55.451390,176.199465
1777116265.064,277.560000000,-0.661214,-1.810686,2.164340,0.047627,-5.376013,-4.709492,1.000000,1.000000,-0.000000,0.000000,0.000000,0.000000,-0.000000,0.000000,nan,nan,nan,nan,nan,nan,-0.068974,-0.265908,0.402992,-88.543681,-55.451390,176.199465
1777116265.096,277.566000000,-0.661214,-1.810686,2.164340,0.047627,-5.376013,-4.709492,1.000000,1.000000,-0.000000,0.000000,0.000000,0.000000,-0.000000,0.000000,nan,nan,nan,nan,nan,nan,-0.068974,-0.265908,0.402992,-88.543681,-55.451390,176.199465
1777116265.142,277.576000000,-0.661214,-1.810686,2.164340,0.047627,-5.376013,-4.709492,1.000000,1.000000,-0.000000,0.000000,0.000000,0.000000,-0.000000,-0.000000,nan,nan,nan,nan,nan,nan,-0.068974,-0.265908,0.402992,-88.543681,-55.451390,176.199465
1777116265.159,277.584000000,-0.661214,-1.810686,2.164340,0.047627,-5.376013,-4.709492,1.000000,1.000000,-0.000000,0.000000,0.000000,0.000000,-0.000000,-0.000000,nan,nan,nan,nan,nan,nan,-0.068974,-0.265908,0.402992,-88.543681,-55.451390,176.199465
1777116265.182,277.592000000,-0.661214,-1.810686,2.164340,0.047627,-5.376013,-4.709492,1.000000,1.000000,-0.000000,0.000000,0.000000,0.000000,-0.000000,-0.000000,nan,nan,nan,nan,nan,nan,-0.068974,-0.265908,0.402992,-88.543681,-55.451390,176.199465
1777116265.198,277.600000000,-0.661214,-1.810686,2.164340,0.047627,-5.376013,-4.709492,1.000000,1.000000,-0.000000,0.000000,0.000000,0.000000,-0.000000,0.000000,nan,nan,nan,nan,nan,nan,-0.068974,-0.265908,0.402992,-88.543681,-55.451390,176.199465
1777116265.248,277.605000000,-0.661214,-1.810686,2.164340,0.047627,-5.376013,-4.709492,1.000000,1.000000,-0.000000,0.000000,0.000000,0.000000,-0.000000,0.000000,nan,nan,nan,nan,nan,nan,-0.068974,-0.265908,0.402992,-88.543681,-55.451390,176.199465
1777116265.262,277.611000000,-0.661214,-1.810686,2.164340,0.047627,-5.376013,-4.709492,1.000000,1.000000,-0.000000,0.000000,0.000000,0.000000,-0.000000,-0.000000,nan,nan,nan,nan,nan,nan,-0.068974,-0.265908,0.402992,-88.543681,-55.451390,176.199465
1777116265.280,277.619000000,-0.661214,-1.810686,2.164340,0.047627,-5.376013,-4.709492,1.000000,1.000000,-0.000000,0.000000,0.000000,0.000000,-0.000000,-0.000000,nan,nan,nan,nan,nan,nan,-0.068974,-0.265908,0.402992,-88.543681,-55.451390,176.199465
1777116265.319,277.632000000,-0.661214,-1.810686,2.164340,0.047627,-5.376013,-4.709492,1.000000,1.000000,-0.000000,0.000000,0.000000,0.000000,-0.000000,-0.000000,nan,nan,nan,nan,nan,nan,-0.068974,-0.265908,0.402992,-88.543681,-55.451390,176.199465
1777116265.362,277.639000000,-0.661214,-1.810686,2.164340,0.047627,-5.376013,-4.709492,1.000000,1.000000,-0.000000,0.000000,0.000000,0.000000,-0.000000,-0.000000,nan,nan,nan,nan,nan,nan,-0.068974,-0.265908,0.402992,-88.543681,-55.451390,176.199465
1777116265.376,277.647000000,-0.661214,-1.810686,2.164340,0.047627,-5.376013,-4.709492,1.000000,1.000000,-0.000000,0.000000,0.000000,0.000000,-0.000000,-0.000000,nan,nan,nan,nan,nan,nan,-0.068974,-0.265908,0.402992,-88.543681,-55.451390,176.199465
1777116265.407,277.656000000,-0.661214,-1.810686,2.164340,0.047627,-5.376013,-4.709492,1.000000,1.000000,-0.000000,0.000000,0.000000,0.000000,-0.000000,-0.000000,nan,nan,nan,nan,nan,nan,-0.068974,-0.265908,0.402992,-88.543681,-55.451390,176.199465
1777116265.429,277.661000000,-0.661214,-1.810686,2.164340,0.047627,-5.376013,-4.709492,1.000000,1.000000,-0.000000,0.000000,0.000000,0.000000,-0.000000,-0.000000,nan,nan,nan,nan,nan,nan,-0.068974,-0.265908,0.402992,-88.543681,-55.451390,176.199465
1777116265.474,277.671000000,-0.661214,-1.810686,2.164340,0.047627,-5.376013,-4.709492,1.000000,1.000000,-0.000000,0.000000,0.000000,0.000000,-0.000000,0.000000,nan,nan,nan,nan,nan,nan,-0.068974,-0.265908,0.402992,-88.543681,-55.451390,176.199465
1777116265.495,277.679000000,-0.661214,-1.810686,2.164340,0.047627,-5.376013,-4.709492,1.000000,1.000000,-0.000000,0.000000,0.000000,0.000000,-0.000000,-0.000000,nan,nan,nan,nan,nan,nan,-0.068974,-0.265908,0.402992,-88.543681,-55.451390,176.199465
1777116265.496,277.688000000,-0.661214,-1.810686,2.164340,0.047627,-5.376013,-4.709492,1.000000,1.000000,-0.000000,0.000000,0.000000,0.000000,-0.000000,0.000000,nan,nan,nan,nan,nan,nan,-0.068974,-0.265908,0.402992,-88.543681,-55.451390,176.199465
1777116265.532,277.696000000,-0.661214,-1.810686,2.164340,0.047627,-5.376013,-4.709492,1.000000,1.000000,-0.000000,0.000000,0.000000,0.000000,-0.000000,-0.000000,nan,nan,nan,nan,nan,nan,-0.068974,-0.265908,0.402992,-88.543681,-55.451390,176.199465
1777116265.568,277.704000000,-0.661214,-1.810686,2.164340,0.047627,-5.376013,-4.709492,1.000000,1.000000,-0.000000,0.000000,0.000000,0.000000,-0.000000,-0.000000,nan,nan,nan,nan,nan,nan,-0.068974,-0.265908,0.402992,-88.543681,-55.451390,176.199465
1777116265.595,277.712000000,-0.661214,-1.810686,2.164340,0.047627,-5.376013,-4.709492,1.000000,1.000000,-0.000000,0.000000,0.000000,0.000000,-0.000000,-0.000000,nan,nan,nan,nan,nan,nan,-0.068974,-0.265908,0.402992,-88.543681,-55.451390,176.199465
1777116265.606,277.720000000,-0.661214,-1.810686,2.164340,0.047627,-5.376013,-4.709492,1.000000,1.000000,-0.000000,0.000000,0.000000,0.000000,-0.000000,-0.000000,nan,nan,nan,nan,nan,nan,-0.068974,-0.265908,0.402992,-88.543681,-55.451390,176.199465
1777116265.628,277.715000000,-0.661214,-1.810686,2.164340,0.047627,-5.376013,-4.709492,1.000000,1.000000,-0.000000,0.000000,0.000000,0.000000,-0.000000,0.000000,nan,nan,nan,nan,nan,nan,-0.068974,-0.265908,0.402992,-88.543681,-55.451390,176.199465
1777116265.649,277.733000000,-0.661214,-1.810686,2.164340,0.047627,-5.376013,-4.709492,1.000000,1.000000,-0.000000,0.000000,0.000000,0.000000,-0.000000,-0.000000,nan,nan,nan,nan,nan,nan,-0.068974,-0.265908,0.402992,-88.543681,-55.451390,176.199465
1777116265.662,277.741000000,-0.661214,-1.810686,2.164340,0.047627,-5.376013,-4.709492,1.000000,1.000000,-0.000000,0.000000,0.000000,0.000000,-0.000000,-0.000000,nan,nan,nan,nan,nan,nan,-0.068974,-0.265908,0.402992,-88.543681,-55.451390,176.199465
1777116265.723,277.752000000,-0.661214,-1.810686,2.164340,0.047627,-5.376013,-4.709492,1.000000,1.000000,-0.000000,0.000000,0.000000,0.000000,-0.000000,-0.000000,nan,nan,nan,nan,nan,nan,-0.068974,-0.265908,0.402992,-88.543681,-55.451390,176.199465
1777116265.732,277.760000000,-0.661214,-1.810686,2.164340,0.047627,-5.376013,-4.709492,1.000000,1.000000,-0.000000,0.000000,0.000000,0.000000,-0.000000,-0.000000,nan,nan,nan,nan,nan,nan,-0.068974,-0.265908,0.402992,-88.543681,-55.451390,176.199465
1777116265.754,277.768000000,-0.661214,-1.810686,2.164340,0.047627,-5.376013,-4.709492,1.000000,1.000000,-0.000000,0.000000,0.000000,0.000000,-0.000000,0.000000,nan,nan,nan,nan,nan,nan,-0.068974,-0.265908,0.402992,-88.543681,-55.451390,176.199465
1777116265.766,277.775000000,-0.661214,-1.810686,2.164340,0.047627,-5.376013,-4.709492,1.000000,1.000000,-0.000000,0.000000,0.000000,0.000000,-0.000000,0.000000,nan,nan,nan,nan,nan,nan,-0.068974,-0.265908,0.402992,-88.543681,-55.451390,176.199465
1777116265.811,277.783000000,-0.661214,-1.810686,2.164340,0.047627,-5.376013,-4.709492,1.000000,1.000000,-0.000000,0.000000,0.000000,0.000000,-0.000000,-0.000000,nan,nan,nan,nan,nan,nan,-0.068974,-0.265908,0.402992,-88.543681,-55.451390,176.199465
1777116265.833,277.791000000,-0.661214,-1.810686,2.164340,0.047627,-5.376013,-4.709492,1.000000,1.000000,-0.000000,0.000000,0.000000,0.000000,-0.000000,-0.000000,nan,nan,nan,nan,nan,nan,-0.068974,-0.265908,0.402992,-88.543681,-55.451390,176.199465
1777116265.875,277.799000000,-0.661214,-1.810686,2.164340,0.047627,-5.376013,-4.709492,1.000000,1.000000,-0.000000,0.000000,0.000000,0.000000,-0.000000,0.000000,nan,nan,nan,nan,nan,nan,-0.068974,-0.265908,0.402992,-88.543681,-55.451390,176.199465
1777116265.899,277.808000000,-0.661214,-1.810686,2.164340,0.047627,-5.376013,-4.709492,1.000000,1.000000,-0.000000,0.000000,0.000000,0.000000,-0.000000,-0.000000,nan,nan,nan,nan,nan,nan,-0.068974,-0.265908,0.402992,-88.543681,-55.451390,176.199465
1777116265.938,277.815000000,-0.661214,-1.810686,2.164340,0.047627,-5.376013,-4.709492,1.000000,1.000000,-0.000000,0.000000,0.000000,0.000000,-0.000000,-0.000000,nan,nan,nan,nan,nan,nan,-0.068974,-0.265908,0.402992,-88.543681,-55.451390,176.199465
1777116265.960,277.823000000,-0.661214,-1.810686,2.164340,0.047627,-5.376013,-4.709492,1.000000,1.000000,-0.000000,0.000000,0.000000,0.000000,-0.000000,-0.000000,nan,nan,nan,nan,nan,nan,-0.068974,-0.265908,0.402992,-88.543681,-55.451390,176.199465
1777116266.003,277.832000000,-0.661214,-1.810686,2.164340,0.047627,-5.376013,-4.709492,1.000000,1.000000,-0.000000,0.000000,0.000000,0.000000,-0.000000,-0.000000,nan,nan,nan,nan,nan,nan,-0.068974,-0.265908,0.402992,-88.543681,-55.451390,176.199465
1777116266.019,277.839000000,-0.661214,-1.810686,2.164340,0.047627,-5.376013,-4.709492,1.000000,1.000000,-0.000000,0.000000,0.000000,0.000000,-0.000000,-0.000000,nan,nan,nan,nan,nan,nan,-0.068974,-0.265908,0.402992,-88.543681,-55.451390,176.199465
1777116266.054,277.848000000,-0.661214,-1.810686,2.164340,0.047627,-5.376013,-4.709492,1.000000,1.000000,-0.000000,0.000000,0.000000,0.000000,-0.000000,-0.000000,nan,nan,nan,nan,nan,nan,-0.068974,-0.265908,0.402992,-88.543681,-55.451390,176.199465
1777116266.081,277.856000000,-0.661214,-1.810686,2.164340,0.047627,-5.376013,-4.709492,1.000000,1.000000,-0.000000,0.000000,0.000000,0.000000,-0.000000,-0.000000,nan,nan,nan,nan,nan,nan,-0.068974,-0.265908,0.402992,-88.543681,-55.451390,176.199465
1777116266.104,277.864000000,-0.661214,-1.810686,2.164340,0.047627,-5.376013,-4.709492,1.000000,1.000000,-0.000000,0.000000,0.000000,0.000000,-0.000000,-0.000000,nan,nan,nan,nan,nan,nan,-0.068974,-0.265908,0.402992,-88.543681,-55.451390,176.199465
1777116266.127,277.872000000,-0.661214,-1.810686,2.164340,0.047627,-5.376013,-4.709492,1.000000,1.000000,-0.000000,0.000000,0.000000,0.000000,-0.000000,0.000000,nan,nan,nan,nan,nan,nan,-0.068974,-0.265908,0.402992,-88.543681,-55.451390,176.199465
1777116266.163,277.880000000,-0.661214,-1.810686,2.164340,0.047627,-5.376013,-4.709492,1.000000,1.000000,-0.000000,0.000000,0.000000,0.000000,-0.000000,-0.000000,nan,nan,nan,nan,nan,nan,-0.068974,-0.265908,0.402992,-88.543681,-55.451390,176.199465
1777116266.193,277.888000000,-0.661214,-1.810686,2.164340,0.047627,-5.376013,-4.709492,1.000000,1.000000,-0.000000,0.000000,0.000000,0.000000,-0.000000,-0.000000,nan,nan,nan,nan,nan,nan,-0.068974,-0.265908,0.402992,-88.543681,-55.451390,176.199465
1777116266.225,277.895000000,-0.661214,-1.810686,2.164340,0.047627,-5.376013,-4.709492,1.000000,1.000000,-0.000000,0.000000,0.000000,0.000000,-0.000000,-0.000000,nan,nan,nan,nan,nan,nan,-0.068974,-0.265908,0.402992,-88.543681,-55.451390,176.199465
1777116266.247,277.900000000,-0.661214,-1.810686,2.164340,0.047627,-5.376013,-4.709492,1.000000,1.000000,-0.000000,0.000000,0.000000,0.000000,-0.000000,0.000000,nan,nan,nan,nan,nan,nan,-0.068974,-0.265908,0.402992,-88.543681,-55.451390,176.199465
1777116266.287,277.912000000,-0.661214,-1.810686,2.164340,0.047627,-5.376013,-4.709492,1.000000,1.000000,-0.000000,0.000000,0.000000,0.000000,-0.000000,-0.000000,nan,nan,nan,nan,nan,nan,-0.068974,-0.265908,0.402992,-88.543681,-55.451390,176.199465
1777116266.294,277.920000000,-0.661214,-1.810686,2.164340,0.047627,-5.376013,-4.709492,1.000000,1.000000,-0.000000,0.000000,0.000000,0.000000,-0.000000,-0.000000,nan,nan,nan,nan,nan,nan,-0.068974,-0.265908,0.402992,-88.543681,-55.451390,176.199465
1777116266.322,277.928000000,-0.661214,-1.810686,2.164340,0.047627,-5.376013,-4.709492,1.000000,1.000000,-0.000000,0.000000,0.000000,0.000000,-0.000000,0.000000,nan,nan,nan,nan,nan,nan,-0.068974,-0.265908,0.402992,-88.543681,-55.451390,176.199465
1777116266.336,277.935000000,-0.661214,-1.810686,2.164340,0.047627,-5.376013,-4.709492,1.000000,1.000000,-0.000000,0.000000,0.000000,0.000000,-0.000000,0.000000,nan,nan,nan,nan,nan,nan,-0.068974,-0.265908,0.402992,-88.543681,-55.451390,176.199465
1777116266.372,277.944000000,-0.661214,-1.810686,2.164340,0.047627,-5.376013,-4.709492,1.000000,1.000000,-0.000000,0.000000,0.000000,0.000000,-0.000000,-0.000000,nan,nan,nan,nan,nan,nan,-0.068974,-0.265908,0.402992,-88.543681,-55.451390,176.199465
1777116266.401,277.952000000,-0.661214,-1.810686,2.164340,0.047627,-5.376013,-4.709492,1.000000,1.000000,-0.000000,0.000000,0.000000,0.000000,-0.000000,0.000000,nan,nan,nan,nan,nan,nan,-0.068974,-0.265908,0.402992,-88.543681,-55.451390,176.199465
1777116266.431,277.959000000,-0.661214,-1.810686,2.164340,0.047627,-5.376013,-4.709492,1.000000,1.000000,-0.000000,0.000000,0.000000,0.000000,-0.000000,-0.000000,nan,nan,nan,nan,nan,nan,-0.068974,-0.265908,0.402992,-88.543681,-55.451390,176.199465
1777116266.444,277.965000000,-0.661214,-1.810686,2.164340,0.047627,-5.376013,-4.709492,1.000000,1.000000,-0.000000,0.000000,0.000000,0.000000,-0.000000,-0.000000,nan,nan,nan,nan,nan,nan,-0.068974,-0.265908,0.402992,-88.543681,-55.451390,176.199465
1777116266.485,277.975000000,-0.661214,-1.810686,2.164340,0.047627,-5.376013,-4.709492,1.000000,1.000000,-0.000000,0.000000,0.000000,0.000000,-0.000000,-0.000000,nan,nan,nan,nan,nan,nan,-0.068974,-0.265908,0.402992,-88.543681,-55.451390,176.199465
1777116266.515,277.983000000,-0.661214,-1.810686,2.164340,0.047627,-5.376013,-4.709492,1.000000,1.000000,-0.000000,0.000000,0.000000,0.000000,-0.000000,-0.000000,nan,nan,nan,nan,nan,nan,-0.068974,-0.265908,0.402992,-88.543681,-55.451390,176.199465
1777116266.535,277.992000000,-0.661214,-1.810686,2.164340,0.047627,-5.376013,-4.709492,1.000000,1.000000,-0.000000,0.000000,0.000000,0.000000,-0.000000,0.000000,nan,nan,nan,nan,nan,nan,-0.068974,-0.265908,0.402992,-88.543681,-55.451390,176.199465
1777116266.565,278.000000000,-0.661214,-1.810686,2.164340,0.047627,-5.376013,-4.709492,1.000000,1.000000,-0.000000,0.000000,0.000000,0.000000,-0.000000,0.000000,nan,nan,nan,nan,nan,nan,-0.068974,-0.265908,0.402992,-88.543681,-55.451390,176.199465
1777116266.601,278.008000000,-0.661214,-1.810686,2.164340,0.047627,-5.376013,-4.709492,1.000000,1.000000,-0.000000,0.000000,0.000000,0.000000,-0.000000,-0.000000,nan,nan,nan,nan,nan,nan,-0.068974,-0.265908,0.402992,-88.543681,-55.451390,176.199465
1777116266.638,278.015000000,-0.661214,-1.810686,2.164340,0.047627,-5.376013,-4.709492,1.000000,1.000000,-0.000000,0.000000,0.000000,0.000000,-0.000000,-0.000000,nan,nan,nan,nan,nan,nan,-0.068974,-0.265908,0.402992,-88.543681,-55.451390,176.199465
1777116266.657,278.024000000,-0.661214,-1.810686,2.164340,0.047627,-5.376013,-4.709492,1.000000,1.000000,-0.000000,0.000000,0.000000,0.000000,-0.000000,-0.000000,nan,nan,nan,nan,nan,nan,-0.068974,-0.265908,0.402992,-88.543681,-55.451390,176.199465
1777116266.698,278.031000000,-0.661214,-1.810686,2.164340,0.047627,-5.376013,-4.709492,1.000000,1.000000,-0.000000,0.000000,0.000000,0.000000,-0.000000,-0.000000,nan,nan,nan,nan,nan,nan,-0.068974,-0.265908,0.402992,-88.543681,-55.451390,176.199465
1777116266.733,278.039000000,-0.661214,-1.810686,2.164340,0.047627,-5.376013,-4.709492,1.000000,1.000000,-0.000000,0.000000,0.000000,0.000000,-0.000000,-0.000000,nan,nan,nan,nan,nan,nan,-0.068974,-0.265908,0.402992,-88.543681,-55.451390,176.199465
1777116266.762,278.046000000,-0.661214,-1.810686,2.164340,0.047627,-5.376013,-4.709492,1.000000,1.000000,-0.000000,0.000000,0.000000,0.000000,-0.000000,-0.000000,nan,nan,nan,nan,nan,nan,-0.068974,-0.265908,0.402992,-88.543681,-55.451390,176.199465
1777116266.778,278.056000000,-0.661214,-1.810686,2.164340,0.047627,-5.376013,-4.709492,1.000000,1.000000,-0.000000,0.000000,0.000000,0.000000,-0.000000,-0.000000,nan,nan,nan,nan,nan,nan,-0.068974,-0.265908,0.402992,-88.543681,-55.451390,176.199465
1777116266.797,278.060000000,-0.661214,-1.810686,2.164340,0.047627,-5.376013,-4.709492,1.000000,1.000000,-0.000000,0.000000,0.000000,0.000000,-0.000000,-0.000000,nan,nan,nan,nan,nan,nan,-0.068974,-0.265908,0.402992,-88.543681,-55.451390,176.199465
1777116266.846,278.072000000,-0.661214,-1.810686,2.164340,0.047627,-5.376013,-4.709492,1.000000,1.000000,-0.000000,0.000000,0.000000,0.000000,-0.000000,0.000000,nan,nan,nan,nan,nan,nan,-0.068974,-0.265908,0.402992,-88.543681,-55.451390,176.199465
1777116266.861,278.079000000,-0.661214,-1.810686,2.164340,0.047627,-5.376013,-4.709492,1.000000,1.000000,-0.000000,0.000000,0.000000,0.000000,-0.000000,-0.000000,nan,nan,nan,nan,nan,nan,-0.068974,-0.265908,0.402992,-88.543681,-55.451390,176.199465
1777116266.894,278.088000000,-0.661214,-1.810686,2.164340,0.047627,-5.376013,-4.709492,1.000000,1.000000,-0.000000,0.000000,0.000000,0.000000,-0.000000,-0.000000,nan,nan,nan,nan,nan,nan,-0.068974,-0.265908,0.402992,-88.543681,-55.451390,176.199465
1777116266.927,278.096000000,-0.661214,-1.810686,2.164340,0.047627,-5.376013,-4.709492,1.000000,1.000000,-0.000000,0.000000,0.000000,0.000000,-0.000000,-0.000000,nan,nan,nan,nan,nan,nan,-0.068974,-0.265908,0.402992,-88.543681,-55.451390,176.199465
1777116266.970,278.104000000,-0.661214,-1.810686,2.164340,0.047627,-5.376013,-4.709492,1.000000,1.000000,-0.000000,0.000000,0.000000,0.000000,0.000000,0.000000,nan,nan,nan,nan,nan,nan,-0.068974,-0.265908,0.402992,-88.543681,-55.451390,176.199465
1777116267.002,278.111000000,-0.661214,-1.810686,2.164340,0.047627,-5.376013,-4.709492,1.000000,1.000000,-0.000000,0.000000,0.000000,0.000000,-0.000000,-0.000000,nan,nan,nan,nan,nan,nan,-0.068974,-0.265908,0.402992,-88.543681,-55.451390,176.199465
1777116267.018,278.119000000,-0.661214,-1.810686,2.164340,0.047627,-5.376013,-4.709492,1.000000,1.000000,-0.000000,0.000000,0.000000,0.000000,-0.000000,-0.000000,nan,nan,nan,nan,nan,nan,-0.068974,-0.265908,0.402992,-88.543681,-55.451390,176.199465
1777116267.059,278.128000000,-0.661214,-1.810686,2.164340,0.047627,-5.376013,-4.709492,1.000000,1.000000,-0.000000,0.000000,0.000000,0.000000,-0.000000,-0.000000,nan,nan,nan,nan,nan,nan,-0.068974,-0.265908,0.402992,-88.543681,-55.451390,176.199465
1777116267.114,278.136000000,-0.661214,-1.810686,2.164340,0.047627,-5.376013,-4.709492,1.000000,1.000000,-0.000000,0.000000,0.000000,0.000000,-0.000000,-0.000000,nan,nan,nan,nan,nan,nan,-0.068974,-0.265908,0.402992,-88.543681,-55.451390,176.199465
1777116267.128,278.143000000,-0.661214,-1.810686,2.164340,0.047627,-5.376013,-4.709492,1.000000,1.000000,-0.000000,0.000000,0.000000,0.000000,-0.000000,-0.000000,nan,nan,nan,nan,nan,nan,-0.068974,-0.265908,0.402992,-88.543681,-55.451390,176.199465
1777116267.145,278.151000000,-0.661214,-1.810686,2.164340,0.047627,-5.376013,-4.709492,1.000000,1.000000,-0.000000,0.000000,0.000000,0.000000,-0.000000,-0.000000,nan,nan,nan,nan,nan,nan,-0.068974,-0.265908,0.402992,-88.543681,-55.451390,176.199465
1777116267.172,278.160000000,-0.661214,-1.810686,2.164340,0.047627,-5.376013,-4.709492,1.000000,1.000000,-0.000000,0.000000,0.000000,0.000000,-0.000000,-0.000000,nan,nan,nan,nan,nan,nan,-0.068974,-0.265908,0.402992,-88.543681,-55.451390,176.199465
1777116267.214,278.167000000,-0.661214,-1.810686,2.164340,0.047627,-5.376013,-4.709492,1.000000,1.000000,-0.000000,0.000000,0.000000,0.000000,-0.000000,0.000000,nan,nan,nan,nan,nan,nan,-0.068974,-0.265908,0.402992,-88.543681,-55.451390,176.199465
1777116267.251,278.176000000,-0.661214,-1.810686,2.164340,0.047627,-5.376013,-4.709492,1.000000,1.000000,-0.000000,0.000000,0.000000,0.000000,-0.000000,-0.000000,nan,nan,nan,nan,nan,nan,-0.068974,-0.265908,0.402992,-88.543681,-55.451390,176.199465
1777116267.268,278.181000000,-0.661214,-1.810686,2.164340,0.047627,-5.376013,-4.709492,1.000000,1.000000,-0.000000,0.000000,0.000000,0.000000,-0.000000,-0.000000,nan,nan,nan,nan,nan,nan,-0.068974,-0.265908,0.402992,-88.543681,-55.451390,176.199465
1777116267.291,278.190000000,-0.661214,-1.810686,2.164340,0.047627,-5.376013,-4.709492,1.000000,1.000000,-0.000000,0.000000,0.000000,0.000000,-0.000000,0.000000,nan,nan,nan,nan,nan,nan,-0.068974,-0.265908,0.402992,-88.543681,-55.451390,176.199465
1777116267.346,278.199000000,-0.661214,-1.810686,2.164340,0.047627,-5.376013,-4.709492,1.000000,1.000000,-0.000000,0.000000,0.000000,0.000000,-0.000000,-0.000000,nan,nan,nan,nan,nan,nan,-0.068974,-0.265908,0.402992,-88.543681,-55.451390,176.199465
1777116267.365,278.208000000,-0.661214,-1.810686,2.164340,0.047627,-5.376013,-4.709492,1.000000,1.000000,-0.000000,0.000000,0.000000,0.000000,-0.000000,-0.000000,nan,nan,nan,nan,nan,nan,-0.068974,-0.265908,0.402992,-88.543681,-55.451390,176.199465
1777116267.388,278.216000000,-0.661214,-1.810686,2.164340,0.047627,-5.376013,-4.709492,1.000000,1.000000,-0.000000,0.000000,0.000000,0.000000,-0.000000,-0.000000,nan,nan,nan,nan,nan,nan,-0.068974,-0.265908,0.402992,-88.543681,-55.451390,176.199465
1777116267.415,278.223000000,-0.661214,-1.810686,2.164340,0.047627,-5.376013,-4.709492,1.000000,1.000000,-0.000000,0.000000,0.000000,0.000000,-0.000000,-0.000000,nan,nan,nan,nan,nan,nan,-0.068974,-0.265908,0.402992,-88.543681,-55.451390,176.199465
1777116267.452,278.232000000,-0.661214,-1.810686,2.164340,0.047627,-5.376013,-4.709492,1.000000,1.000000,-0.000000,0.000000,0.000000,0.000000,-0.000000,-0.000000,nan,nan,nan,nan,nan,nan,-0.068974,-0.265908,0.402992,-88.543681,-55.451390,176.199465
1777116267.463,278.238000000,-0.661214,-1.810686,2.164340,0.047627,-5.376013,-4.709492,1.000000,1.000000,-0.000000,0.000000,0.000000,0.000000,0.000000,0.000000,nan,nan,nan,nan,nan,nan,-0.068974,-0.265908,0.402992,-88.543681,-55.451390,176.199465
1777116267.490,278.247000000,-0.661214,-1.810686,2.164340,0.047627,-5.376013,-4.709492,1.000000,1.000000,-0.000000,0.000000,0.000000,0.000000,-0.000000,-0.000000,nan,nan,nan,nan,nan,nan,-0.068974,-0.265908,0.402992,-88.543681,-55.451390,176.199465
1777116267.505,278.254000000,-0.661214,-1.810686,2.164340,0.047627,-5.376013,-4.709492,1.000000,1.000000,-0.000000,0.000000,0.000000,0.000000,-0.000000,-0.000000,nan,nan,nan,nan,nan,nan,-0.068974,-0.265908,0.402992,-88.543681,-55.451390,176.199465
1777116267.530,278.263000000,-0.661214,-1.810686,2.164340,0.047627,-5.376013,-4.709492,1.000000,1.000000,-0.000000,0.000000,0.000000,0.000000,-0.000000,-0.000000,nan,nan,nan,nan,nan,nan,-0.068974,-0.265908,0.402992,-88.543681,-55.451390,176.199465
1777116267.551,278.268000000,-0.661214,-1.810686,2.164340,0.047627,-5.376013,-4.709492,1.000000,1.000000,-0.000000,0.000000,0.000000,0.000000,-0.000000,-0.000000,nan,nan,nan,nan,nan,nan,-0.068974,-0.265908,0.402992,-88.543681,-55.451390,176.199465
1777116267.587,278.279000000,-0.661214,-1.810686,2.164340,0.047627,-5.376013,-4.709492,1.000000,1.000000,-0.000000,0.000000,0.000000,0.000000,-0.000000,-0.000000,nan,nan,nan,nan,nan,nan,-0.068974,-0.265908,0.402992,-88.543681,-55.451390,176.199465
1777116267.603,278.287000000,-0.661214,-1.810686,2.164340,0.047627,-5.376013,-4.709492,1.000000,1.000000,-0.000000,0.000000,0.000000,0.000000,-0.000000,-0.000000,nan,nan,nan,nan,nan,nan,-0.068974,-0.265908,0.402992,-88.543681,-55.451390,176.199465
1777116267.631,278.296000000,-0.661214,-1.810686,2.164340,0.047627,-5.376013,-4.709492,1.000000,1.000000,-0.000000,0.000000,0.000000,0.000000,-0.000000,-0.000000,nan,nan,nan,nan,nan,nan,-0.068974,-0.265908,0.402992,-88.543681,-55.451390,176.199465
1777116267.649,278.304000000,-0.661214,-1.810686,2.164340,0.047627,-5.376013,-4.709492,1.000000,1.000000,-0.000000,0.000000,0.000000,-0.000000,-0.000000,0.000000,nan,nan,nan,nan,nan,nan,-0.068974,-0.265908,0.402992,-88.543681,-55.451390,176.199465
1777116267.690,278.312000000,-0.661214,-1.810686,2.164340,0.047627,-5.376013,-4.709492,1.000000,1.000000,-0.000000,0.000000,0.000000,0.000000,-0.000000,-0.000000,nan,nan,nan,nan,nan,nan,-0.068974,-0.265908,0.402992,-88.543681,-55.451390,176.199465
1777116267.712,278.319000000,-0.661214,-1.810686,2.164340,0.047627,-5.376013,-4.709492,1.000000,1.000000,-0.000000,0.000000,0.000000,0.000000,-0.000000,-0.000000,nan,nan,nan,nan,nan,nan,-0.068974,-0.265908,0.402992,-88.543681,-55.451390,176.199465
1777116267.771,278.328000000,-0.661214,-1.810686,2.164340,0.047627,-5.376013,-4.709492,1.000000,1.000000,-0.000000,0.000000,0.000000,0.000000,-0.000000,-0.000000,nan,nan,nan,nan,nan,nan,-0.068974,-0.265908,0.402992,-88.543681,-55.451390,176.199465
1777116267.844,278.336000000,-0.661214,-1.810686,2.164340,0.047627,-5.376013,-4.709492,1.000000,1.000000,-0.000000,0.000000,0.000000,0.000000,-0.000000,-0.000000,nan,nan,nan,nan,nan,nan,-0.068974,-0.265908,0.402992,-88.543681,-55.451390,176.199465
1777116267.893,278.344000000,-0.661214,-1.810686,2.164340,0.047627,-5.376013,-4.709492,1.000000,1.000000,-0.000000,0.000000,0.000000,0.000000,-0.000000,-0.000000,nan,nan,nan,nan,nan,nan,-0.068974,-0.265908,0.402992,-88.543681,-55.451390,176.199465
1777116267.904,278.352000000,-0.661214,-1.810686,2.164340,0.047627,-5.376013,-4.709492,1.000000,1.000000,-0.000000,0.000000,0.000000,0.000000,-0.000000,-0.000000,nan,nan,nan,nan,nan,nan,-0.068974,-0.265908,0.402992,-88.543681,-55.451390,176.199465
1777116267.938,278.360000000,-0.661214,-1.810686,2.164340,0.047627,-5.376013,-4.709492,1.000000,1.000000,-0.000000,0.000000,0.000000,0.000000,-0.000000,-0.000000,nan,nan,nan,nan,nan,nan,-0.068974,-0.265908,0.402992,-88.543681,-55.451390,176.199465
1777116267.978,278.368000000,-0.661214,-1.810686,2.164340,0.047627,-5.376013,-4.709492,1.000000,1.000000,-0.000000,0.000000,0.000000,0.000000,-0.000000,-0.000000,nan,nan,nan,nan,nan,nan,-0.068974,-0.265908,0.402992,-88.543681,-55.451390,176.199465
1777116268.016,278.376000000,-0.661214,-1.810686,2.164340,0.047627,-5.376013,-4.709492,1.000000,1.000000,-0.000000,0.000000,0.000000,0.000000,-0.000000,-0.000000,nan,nan,nan,nan,nan,nan,-0.068974,-0.265908,0.402992,-88.543681,-55.451390,176.199465
1777116268.028,278.384000000,-0.661214,-1.810686,2.164340,0.047627,-5.376013,-4.709492,1.000000,1.000000,-0.000000,0.000000,0.000000,0.000000,-0.000000,-0.000000,nan,nan,nan,nan,nan,nan,-0.068974,-0.265908,0.402992,-88.543681,-55.451390,176.199465
1777116268.074,278.392000000,-0.661214,-1.810686,2.164340,0.047627,-5.376013,-4.709492,1.000000,1.000000,-0.000000,0.000000,0.000000,0.000000,-0.000000,-0.000000,nan,nan,nan,nan,nan,nan,-0.068974,-0.265908,0.402992,-88.543681,-55.451390,176.199465
1777116268.098,278.399000000,-0.661214,-1.810686,2.164340,0.047627,-5.376013,-4.709492,1.000000,1.000000,-0.000000,0.000000,0.000000,0.000000,-0.000000,-0.000000,nan,nan,nan,nan,nan,nan,-0.068974,-0.265908,0.402992,-88.543681,-55.451390,176.199465
1777116268.133,278.406000000,-0.661214,-1.810686,2.164340,0.047627,-5.376013,-4.709492,1.000000,1.000000,-0.000000,0.000000,0.000000,0.000000,-0.000000,-0.000000,nan,nan,nan,nan,nan,nan,-0.068974,-0.265908,0.402992,-88.543681,-55.451390,176.199465
1777116268.155,278.414000000,-0.661214,-1.810686,2.164340,0.047627,-5.376013,-4.709492,1.000000,1.000000,-0.000000,0.000000,0.000000,0.000000,-0.000000,-0.000000,nan,nan,nan,nan,nan,nan,-0.068974,-0.265908,0.402992,-88.543681,-55.451390,176.199465
1777116268.183,278.424000000,-0.661214,-1.810686,2.164340,0.047627,-5.376013,-4.709492,1.000000,1.000000,-0.000000,0.000000,0.000000,0.000000,-0.000000,0.000000,nan,nan,nan,nan,nan,nan,-0.068974,-0.265908,0.402992,-88.543681,-55.451390,176.199465
1777116268.211,278.432000000,-0.661214,-1.810686,2.164340,0.047627,-5.376013,-4.709492,1.000000,1.000000,-0.000000,0.000000,0.000000,0.000000,-0.000000,-0.000000,nan,nan,nan,nan,nan,nan,-0.068974,-0.265908,0.402992,-88.543681,-55.451390,176.199465
1777116268.244,278.440000000,-0.661214,-1.810686,2.164340,0.047627,-5.376013,-4.709492,1.000000,1.000000,-0.000000,0.000000,0.000000,0.000000,-0.000000,-0.000000,nan,nan,nan,nan,nan,nan,-0.068974,-0.265908,0.402992,-88.543681,-55.451390,176.199465
1777116268.270,278.448000000,-0.661214,-1.810686,2.164340,0.047627,-5.376013,-4.709492,1.000000,1.000000,-0.000000,0.000000,0.000000,0.000000,-0.000000,-0.000000,nan,nan,nan,nan,nan,nan,-0.068974,-0.265908,0.402992,-88.543681,-55.451390,176.199465
1777116268.302,278.456000000,-0.661214,-1.810686,2.164340,0.047627,-5.376013,-4.709492,1.000000,1.000000,-0.000000,0.000000,0.000000,0.000000,-0.000000,0.000000,nan,nan,nan,nan,nan,nan,-0.068974,-0.265908,0.402992,-88.543681,-55.451390,176.199465
1777116268.331,278.464000000,-0.661214,-1.810686,2.164340,0.047627,-5.376013,-4.709492,1.000000,1.000000,-0.000000,0.000000,0.000000,0.000000,-0.000000,-0.000000,nan,nan,nan,nan,nan,nan,-0.068974,-0.265908,0.402992,-88.543681,-55.451390,176.199465
1777116268.366,278.472000000,-0.661214,-1.810686,2.164340,0.047627,-5.376013,-4.709492,1.000000,1.000000,-0.000000,0.000000,0.000000,0.000000,-0.000000,-0.000000,nan,nan,nan,nan,nan,nan,-0.068974,-0.265908,0.402992,-88.543681,-55.451390,176.199465
1777116268.389,278.480000000,-0.661214,-1.810686,2.164340,0.047627,-5.376013,-4.709492,1.000000,1.000000,-0.000000,0.000000,0.000000,0.000000,-0.000000,-0.000000,nan,nan,nan,nan,nan,nan,-0.068974,-0.265908,0.402992,-88.543681,-55.451390,176.199465
1777116268.424,278.488000000,-0.661214,-1.810686,2.164340,0.047627,-5.376013,-4.709492,1.000000,1.000000,-0.000000,0.000000,0.000000,0.000000,-0.000000,-0.000000,nan,nan,nan,nan,nan,nan,-0.068974,-0.265908,0.402992,-88.543681,-55.451390,176.199465
1777116268.440,278.493000000,-0.661214,-1.810686,2.164340,0.047627,-5.376013,-4.709492,1.000000,1.000000,-0.000000,0.000000,0.000000,0.000000,-0.000000,0.000000,nan,nan,nan,nan,nan,nan,-0.068974,-0.265908,0.402992,-88.543681,-55.451390,176.199465
1777116268.489,278.504000000,-0.661214,-1.810686,2.164340,0.047627,-5.376013,-4.709492,1.000000,1.000000,-0.000000,0.000000,0.000000,0.000000,-0.000000,-0.000000,nan,nan,nan,nan,nan,nan,-0.068974,-0.265908,0.402992,-88.543681,-55.451390,176.199465
1777116268.509,278.512000000,-0.661214,-1.810686,2.164340,0.047627,-5.376013,-4.709492,1.000000,1.000000,-0.000000,0.000000,0.000000,0.000000,-0.000000,-0.000000,nan,nan,nan,nan,nan,nan,-0.068974,-0.265908,0.402992,-88.543681,-55.451390,176.199465
1777116268.540,278.520000000,-0.661214,-1.810686,2.164340,0.047627,-5.376013,-4.709492,1.000000,1.000000,-0.000000,0.000000,0.000000,0.000000,-0.000000,0.000000,nan,nan,nan,nan,nan,nan,-0.068974,-0.265908,0.402992,-88.543681,-55.451390,176.199465
1777116268.583,278.528000000,-0.661214,-1.810686,2.164340,0.047627,-5.376013,-4.709492,1.000000,1.000000,-0.000000,0.000000,0.000000,0.000000,-0.000000,0.000000,nan,nan,nan,nan,nan,nan,-0.068974,-0.265908,0.402992,-88.543681,-55.451390,176.199465
1777116268.627,278.535000000,-0.661214,-1.810686,2.164340,0.047627,-5.376013,-4.709492,1.000000,1.000000,-0.000000,0.000000,0.000000,0.000000,-0.000000,-0.000000,nan,nan,nan,nan,nan,nan,-0.068974,-0.265908,0.402992,-88.543681,-55.451390,176.199465
1777116268.640,278.541000000,-0.661214,-1.810686,2.164340,0.047627,-5.376013,-4.709492,1.000000,1.000000,-0.000000,0.000000,0.000000,0.000000,-0.000000,-0.000000,nan,nan,nan,nan,nan,nan,-0.068974,-0.265908,0.402992,-88.543681,-55.451390,176.199465
1777116268.671,278.545000000,-0.661214,-1.810686,2.164340,0.047627,-5.376013,-4.709492,1.000000,1.000000,-0.000000,0.000000,0.000000,-0.000000,0.000000,0.000000,nan,nan,nan,nan,nan,nan,-0.068974,-0.265908,0.402992,-88.543681,-55.451390,176.199465
1777116268.730,278.568000000,-0.661214,-1.810686,2.164340,0.047627,-5.376013,-4.709492,1.000000,1.000000,-0.000000,0.000000,0.000000,0.000000,-0.000000,-0.000000,nan,nan,nan,nan,nan,nan,-0.068974,-0.265908,0.402992,-88.543681,-55.451390,176.199465
1777116268.746,278.576000000,-0.661214,-1.810686,2.164340,0.047627,-5.376013,-4.709492,1.000000,1.000000,-0.000000,0.000000,0.000000,0.000000,-0.000000,0.000000,nan,nan,nan,nan,nan,nan,-0.068974,-0.265908,0.402992,-88.543681,-55.451390,176.199465
1777116268.804,278.584000000,-0.661214,-1.810686,2.164340,0.047627,-5.376013,-4.709492,1.000000,1.000000,-0.000000,0.000000,0.000000,0.000000,-0.000000,-0.000000,nan,nan,nan,nan,nan,nan,-0.068974,-0.265908,0.402992,-88.543681,-55.451390,176.199465
1777116268.808,278.592000000,-0.661214,-1.810686,2.164340,0.047627,-5.376013,-4.709492,1.000000,1.000000,-0.000000,0.000000,0.000000,0.000000,-0.000000,0.000000,nan,nan,nan,nan,nan,nan,-0.068974,-0.265908,0.402992,-88.543681,-55.451390,176.199465
1777116268.843,278.600000000,-0.661214,-1.810686,2.164340,0.047627,-5.376013,-4.709492,1.000000,1.000000,-0.000000,0.000000,0.000000,0.000000,-0.000000,0.000000,nan,nan,nan,nan,nan,nan,-0.068974,-0.265908,0.402992,-88.543681,-55.451390,176.199465
1777116268.859,278.608000000,-0.661214,-1.810686,2.164340,0.047627,-5.376013,-4.709492,1.000000,1.000000,-0.000000,0.000000,0.000000,0.000000,-0.000000,-0.000000,nan,nan,nan,nan,nan,nan,-0.068974,-0.265908,0.402992,-88.543681,-55.451390,176.199465
1777116268.875,278.614000000,-0.661214,-1.810686,2.164340,0.047627,-5.376013,-4.709492,1.000000,1.000000,-0.000000,0.000000,0.000000,0.000000,-0.000000,0.000000,nan,nan,nan,nan,nan,nan,-0.068974,-0.265908,0.402992,-88.543681,-55.451390,176.199465
1777116268.903,278.622000000,-0.661214,-1.810686,2.164340,0.047627,-5.376013,-4.709492,1.000000,1.000000,-0.000000,0.000000,0.000000,0.000000,-0.000000,0.000000,nan,nan,nan,nan,nan,nan,-0.068974,-0.265908,0.402992,-88.543681,-55.451390,176.199465
1777116268.939,278.632000000,-0.661214,-1.810686,2.164340,0.047627,-5.376013,-4.709492,1.000000,1.000000,-0.000000,0.000000,0.000000,0.000000,-0.000000,-0.000000,nan,nan,nan,nan,nan,nan,-0.068974,-0.265908,0.402992,-88.543681,-55.451390,176.199465
1777116268.968,278.639000000,-0.661214,-1.810686,2.164340,0.047627,-5.376013,-4.709492,1.000000,1.000000,-0.000000,0.000000,0.000000,0.000000,-0.000000,-0.000000,nan,nan,nan,nan,nan,nan,-0.068974,-0.265908,0.402992,-88.543681,-55.451390,176.199465
1777116268.994,278.647000000,-0.661214,-1.810686,2.164340,0.047627,-5.376013,-4.709492,1.000000,1.000000,-0.000000,0.000000,0.000000,0.000000,-0.000000,-0.000000,nan,nan,nan,nan,nan,nan,-0.068974,-0.265908,0.402992,-88.543681,-55.451390,176.199465
1777116269.027,278.656000000,-0.661214,-1.810686,2.164340,0.047627,-5.376013,-4.709492,1.000000,1.000000,-0.000000,0.000000,0.000000,0.000000,-0.000000,0.000000,nan,nan,nan,nan,nan,nan,-0.068974,-0.265908,0.402992,-88.543681,-55.451390,176.199465
1777116269.056,278.664000000,-0.661214,-1.810686,2.164340,0.047627,-5.376013,-4.709492,1.000000,1.000000,-0.000000,0.000000,0.000000,0.000000,-0.000000,-0.000000,nan,nan,nan,nan,nan,nan,-0.068974,-0.265908,0.402992,-88.543681,-55.451390,176.199465
1777116269.097,278.672000000,-0.661214,-1.810686,2.164340,0.047627,-5.376013,-4.709492,1.000000,1.000000,-0.000000,0.000000,0.000000,0.000000,-0.000000,-0.000000,nan,nan,nan,nan,nan,nan,-0.068974,-0.265908,0.402992,-88.543681,-55.451390,176.199465
1777116269.116,278.680000000,-0.661214,-1.810686,2.164340,0.047627,-5.376013,-4.709492,1.000000,1.000000,-0.000000,0.000000,0.000000,0.000000,-0.000000,0.000000,nan,nan,nan,nan,nan,nan,-0.068974,-0.265908,0.402992,-88.543681,-55.451390,176.199465
1777116269.153,278.688000000,-0.661214,-1.810686,2.164340,0.047627,-5.376013,-4.709492,1.000000,1.000000,-0.000000,0.000000,0.000000,0.000000,-0.000000,0.000000,nan,nan,nan,nan,nan,nan,-0.068974,-0.265908,0.402992,-88.543681,-55.451390,176.199465
1777116269.192,278.694000000,-0.661214,-1.810686,2.164340,0.047627,-5.376013,-4.709492,1.000000,1.000000,-0.000000,0.000000,0.000000,0.000000,-0.000000,-0.000000,nan,nan,nan,nan,nan,nan,-0.068974,-0.265908,0.402992,-88.543681,-55.451390,176.199465
1777116269.226,278.704000000,-0.661214,-1.810686,2.164340,0.047627,-5.376013,-4.709492,1.000000,1.000000,-0.000000,0.000000,0.000000,0.000000,-0.000000,-0.000000,nan,nan,nan,nan,nan,nan,-0.068974,-0.265908,0.402992,-88.543681,-55.451390,176.199465
1777116269.242,278.712000000,-0.661214,-1.810686,2.164340,0.047627,-5.376013,-4.709492,1.000000,1.000000,-0.000000,0.000000,0.000000,0.000000,-0.000000,0.000000,nan,nan,nan,nan,nan,nan,-0.068974,-0.265908,0.402992,-88.543681,-55.451390,176.199465
1777116269.270,278.719000000,-0.661214,-1.810686,2.164340,0.047627,-5.376013,-4.709492,1.000000,1.000000,-0.000000,0.000000,0.000000,0.000000,-0.000000,-0.000000,nan,nan,nan,nan,nan,nan,-0.068974,-0.265908,0.402992,-88.543681,-55.451390,176.199465
1777116269.322,278.728000000,-0.661214,-1.810686,2.164340,0.047627,-5.376013,-4.709492,1.000000,1.000000,-0.000000,0.000000,0.000000,0.000000,-0.000000,0.000000,nan,nan,nan,nan,nan,nan,-0.068974,-0.265908,0.402992,-88.543681,-55.451390,176.199465
1777116269.329,278.735000000,-0.661214,-1.810686,2.164340,0.047627,-5.376013,-4.709492,1.000000,1.000000,-0.000000,0.000000,0.000000,0.000000,-0.000000,-0.000000,nan,nan,nan,nan,nan,nan,-0.068974,-0.265908,0.402992,-88.543681,-55.451390,176.199465
1777116269.357,278.743000000,-0.661214,-1.810686,2.164340,0.047627,-5.376013,-4.709492,1.000000,1.000000,-0.000000,0.000000,0.000000,0.000000,-0.000000,-0.000000,nan,nan,nan,nan,nan,nan,-0.068974,-0.265908,0.402992,-88.543681,-55.451390,176.199465
1777116269.371,278.746000000,-0.661214,-1.810686,2.164340,0.047627,-5.376013,-4.709492,1.000000,1.000000,-0.000000,0.000000,0.000000,0.000000,-0.000000,-0.000000,nan,nan,nan,nan,nan,nan,-0.068974,-0.265908,0.402992,-88.543681,-55.451390,176.199465
1777116269.414,278.759000000,-0.661214,-1.810686,2.164340,0.047627,-5.376013,-4.709492,1.000000,1.000000,-0.000000,0.000000,0.000000,0.000000,-0.000000,-0.000000,nan,nan,nan,nan,nan,nan,-0.068974,-0.265908,0.402992,-88.543681,-55.451390,176.199465
1777116269.439,278.767000000,-0.661214,-1.810686,2.164340,0.047627,-5.376013,-4.709492,1.000000,1.000000,-0.000000,0.000000,0.000000,0.000000,-0.000000,-0.000000,nan,nan,nan,nan,nan,nan,-0.068974,-0.265908,0.402992,-88.543681,-55.451390,176.199465
1777116269.464,278.776000000,-0.661214,-1.810686,2.164340,0.047627,-5.376013,-4.709492,1.000000,1.000000,-0.000000,0.000000,0.000000,0.000000,-0.000000,-0.000000,nan,nan,nan,nan,nan,nan,-0.068974,-0.265908,0.402992,-88.543681,-55.451390,176.199465
1777116269.485,278.783000000,-0.661214,-1.810686,2.164340,0.047627,-5.376013,-4.709492,1.000000,1.000000,-0.000000,0.000000,0.000000,0.000000,-0.000000,-0.000000,nan,nan,nan,nan,nan,nan,-0.068974,-0.265908,0.402992,-88.543681,-55.451390,176.199465
1777116269.514,278.790000000,-0.661214,-1.810686,2.164340,0.047627,-5.376013,-4.709492,1.000000,1.000000,-0.000000,0.000000,0.000000,0.000000,-0.000000,-0.000000,nan,nan,nan,nan,nan,nan,-0.068974,-0.265908,0.402992,-88.543681,-55.451390,176.199465
1777116269.532,278.799000000,-0.661214,-1.810686,2.164340,0.047627,-5.376013,-4.709492,1.000000,1.000000,-0.000000,0.000000,0.000000,0.000000,-0.000000,-0.000000,nan,nan,nan,nan,nan,nan,-0.068974,-0.265908,0.402992,-88.543681,-55.451390,176.199465
1777116269.580,278.808000000,-0.661214,-1.810686,2.164340,0.047627,-5.376013,-4.709492,1.000000,1.000000,-0.000000,0.000000,0.000000,0.000000,-0.000000,-0.000000,nan,nan,nan,nan,nan,nan,-0.068974,-0.265908,0.402992,-88.543681,-55.451390,176.199465
1777116269.601,278.816000000,-0.661214,-1.810686,2.164340,0.047627,-5.376013,-4.709492,1.000000,1.000000,-0.000000,0.000000,0.000000,0.000000,-0.000000,0.000000,nan,nan,nan,nan,nan,nan,-0.068974,-0.265908,0.402992,-88.543681,-55.451390,176.199465
1777116269.608,278.824000000,-0.661214,-1.810686,2.164340,0.047627,-5.376013,-4.709492,1.000000,1.000000,-0.000000,0.000000,0.000000,0.000000,-0.000000,-0.000000,nan,nan,nan,nan,nan,nan,-0.068974,-0.265908,0.402992,-88.543681,-55.451390,176.199465
1777116269.635,278.830000000,-0.661214,-1.810686,2.164340,0.047627,-5.376013,-4.709492,1.000000,1.000000,-0.000000,0.000000,0.000000,0.000000,0.000000,0.000000,nan,nan,nan,nan,nan,nan,-0.068974,-0.265908,0.402992,-88.543681,-55.451390,176.199465
1777116269.676,278.837000000,-0.661214,-1.810686,2.164340,0.047627,-5.376013,-4.709492,1.000000,1.000000,-0.000000,0.000000,0.000000,0.000000,-0.000000,-0.000000,nan,nan,nan,nan,nan,nan,-0.068974,-0.265908,0.402992,-88.543681,-55.451390,176.199465
1777116269.689,278.844000000,-0.661214,-1.810686,2.164340,0.047627,-5.376013,-4.709492,1.000000,1.000000,-0.000000,0.000000,0.000000,0.000000,-0.000000,-0.000000,nan,nan,nan,nan,nan,nan,-0.068974,-0.265908,0.402992,-88.543681,-55.451390,176.199465
1777116269.723,278.856000000,-0.661214,-1.810686,2.164340,0.047627,-5.376013,-4.709492,1.000000,1.000000,-0.000000,0.000000,0.000000,0.000000,-0.000000,0.000000,nan,nan,nan,nan,nan,nan,-0.068974,-0.265908,0.402992,-88.543681,-55.451390,176.199465
1777116269.739,278.863000000,-0.661214,-1.810686,2.164340,0.047627,-5.376013,-4.709492,1.000000,1.000000,-0.000000,0.000000,0.000000,0.000000,-0.000000,-0.000000,nan,nan,nan,nan,nan,nan,-0.068974,-0.265908,0.402992,-88.543681,-55.451390,176.199465
1777116269.797,278.872000000,-0.661214,-1.810686,2.164340,0.047627,-5.376013,-4.709492,1.000000,1.000000,-0.000000,0.000000,0.000000,0.000000,-0.000000,-0.000000,nan,nan,nan,nan,nan,nan,-0.068974,-0.265908,0.402992,-88.543681,-55.451390,176.199465
1777116269.827,278.879000000,-0.661214,-1.810686,2.164340,0.047627,-5.376013,-4.709492,1.000000,1.000000,-0.000000,0.000000,0.000000,0.000000,-0.000000,-0.000000,nan,nan,nan,nan,nan,nan,-0.068974,-0.265908,0.402992,-88.543681,-55.451390,176.199465
1777116269.853,278.888000000,-0.661214,-1.810686,2.164340,0.047627,-5.376013,-4.709492,1.000000,1.000000,-0.000000,0.000000,0.000000,0.000000,-0.000000,0.000000,nan,nan,nan,nan,nan,nan,-0.068974,-0.265908,0.402992,-88.543681,-55.451390,176.199465
1777116269.884,278.894000000,-0.661214,-1.810686,2.164340,0.047627,-5.376013,-4.709492,1.000000,1.000000,-0.000000,0.000000,0.000000,0.000000,-0.000000,-0.000000,nan,nan,nan,nan,nan,nan,-0.068974,-0.265908,0.402992,-88.543681,-55.451390,176.199465
1777116269.909,278.904000000,-0.661214,-1.810686,2.164340,0.047627,-5.376013,-4.709492,1.000000,1.000000,-0.000000,0.000000,0.000000,0.000000,-0.000000,0.000000,nan,nan,nan,nan,nan,nan,-0.068974,-0.265908,0.402992,-88.543681,-55.451390,176.199465
1777116269.941,278.911000000,-0.661214,-1.810686,2.164340,0.047627,-5.376013,-4.709492,1.000000,1.000000,-0.000000,0.000000,0.000000,0.000000,-0.000000,-0.000000,nan,nan,nan,nan,nan,nan,-0.068974,-0.265908,0.402992,-88.543681,-55.451390,176.199465
1777116269.983,278.919000000,-0.661214,-1.810686,2.164340,0.047627,-5.376013,-4.709492,1.000000,1.000000,-0.000000,0.000000,0.000000,0.000000,-0.000000,-0.000000,nan,nan,nan,nan,nan,nan,-0.068974,-0.265908,0.402992,-88.543681,-55.451390,176.199465
1777116269.998,278.928000000,-0.661214,-1.810686,2.164340,0.047627,-5.376013,-4.709492,1.000000,1.000000,-0.000000,0.000000,0.000000,0.000000,-0.000000,-0.000000,nan,nan,nan,nan,nan,nan,-0.068974,-0.265908,0.402992,-88.543681,-55.451390,176.199465
1777116270.030,278.933000000,-0.661214,-1.810686,2.164340,0.047627,-5.376013,-4.709492,1.000000,1.000000,-0.000000,0.000000,0.000000,0.000000,-0.000000,0.000000,nan,nan,nan,nan,nan,nan,-0.068974,-0.265908,0.402992,-88.543681,-55.451390,176.199465
1777116270.044,278.942000000,-0.661214,-1.810686,2.164340,0.047627,-5.376013,-4.709492,1.000000,1.000000,-0.000000,0.000000,0.000000,0.000000,-0.000000,0.000000,nan,nan,nan,nan,nan,nan,-0.068974,-0.265908,0.402992,-88.543681,-55.451390,176.199465
1777116270.092,278.952000000,-0.661214,-1.810686,2.164340,0.047627,-5.376013,-4.709492,1.000000,1.000000,-0.000000,0.000000,0.000000,0.000000,-0.000000,0.000000,nan,nan,nan,nan,nan,nan,-0.068974,-0.265908,0.402992,-88.543681,-55.451390,176.199465
1777116270.111,278.959000000,-0.661214,-1.810686,2.164340,0.047627,-5.376013,-4.709492,1.000000,1.000000,-0.000000,0.000000,0.000000,0.000000,-0.000000,-0.000000,nan,nan,nan,nan,nan,nan,-0.068974,-0.265908,0.402992,-88.543681,-55.451390,176.199465
1777116270.149,278.967000000,-0.661214,-1.810686,2.164340,0.047627,-5.376013,-4.709492,1.000000,1.000000,-0.000000,0.000000,0.000000,0.000000,-0.000000,-0.000000,nan,nan,nan,nan,nan,nan,-0.068974,-0.265908,0.402992,-88.543681,-55.451390,176.199465
1777116270.166,278.975000000,-0.661214,-1.810686,2.164340,0.047627,-5.376013,-4.709492,1.000000,1.000000,-0.000000,0.000000,0.000000,0.000000,0.000000,0.000000,nan,nan,nan,nan,nan,nan,-0.068974,-0.265908,0.402992,-88.543681,-55.451390,176.199465
1777116270.204,278.984000000,-0.661214,-1.810686,2.164340,0.047627,-5.376013,-4.709492,1.000000,1.000000,-0.000000,0.000000,0.000000,0.000000,-0.000000,-0.000000,nan,nan,nan,nan,nan,nan,-0.068974,-0.265908,0.402992,-88.543681,-55.451390,176.199465
1777116270.233,278.991000000,-0.661214,-1.810686,2.164340,0.047627,-5.376013,-4.709492,1.000000,1.000000,-0.000000,0.000000,0.000000,0.000000,0.000000,0.000000,nan,nan,nan,nan,nan,nan,-0.068974,-0.265908,0.402992,-88.543681,-55.451390,176.199465
1777116270.283,278.999000000,-0.661214,-1.810686,2.164340,0.047627,-5.376013,-4.709492,1.000000,1.000000,-0.000000,0.000000,0.000000,0.000000,-0.000000,-0.000000,nan,nan,nan,nan,nan,nan,-0.068974,-0.265908,0.402992,-88.543681,-55.451390,176.199465
1777116270.303,279.007000000,-0.661214,-1.810686,2.164340,0.047627,-5.376013,-4.709492,1.000000,1.000000,-0.000000,0.000000,0.000000,0.000000,-0.000000,-0.000000,nan,nan,nan,nan,nan,nan,-0.068974,-0.265908,0.402992,-88.543681,-55.451390,176.199465
1777116270.338,279.015000000,-0.661214,-1.810686,2.164340,0.047627,-5.376013,-4.709492,1.000000,1.000000,-0.000000,0.000000,0.000000,0.000000,-0.000000,0.000000,nan,nan,nan,nan,nan,nan,-0.068974,-0.265908,0.402992,-88.543681,-55.451390,176.199465
1777116270.367,279.023000000,-0.661214,-1.810686,2.164340,0.047627,-5.376013,-4.709492,1.000000,1.000000,-0.000000,0.000000,0.000000,0.000000,-0.000000,0.000000,nan,nan,nan,nan,nan,nan,-0.068974,-0.265908,0.402992,-88.543681,-55.451390,176.199465
1777116270.401,279.030000000,-0.661214,-1.810686,2.164340,0.047627,-5.376013,-4.709492,1.000000,1.000000,-0.000000,0.000000,0.000000,0.000000,-0.000000,-0.000000,nan,nan,nan,nan,nan,nan,-0.068974,-0.265908,0.402992,-88.543681,-55.451390,176.199465
1777116270.425,279.040000000,-0.661214,-1.810686,2.164340,0.047627,-5.376013,-4.709492,1.000000,1.000000,-0.000000,0.000000,0.000000,0.000000,-0.000000,0.000000,nan,nan,nan,nan,nan,nan,-0.068974,-0.265908,0.402992,-88.543681,-55.451390,176.199465
1777116270.452,279.048000000,-0.661214,-1.810686,2.164340,0.047627,-5.376013,-4.709492,1.000000,1.000000,-0.000000,0.000000,0.000000,0.000000,-0.000000,-0.000000,nan,nan,nan,nan,nan,nan,-0.068974,-0.265908,0.402992,-88.543681,-55.451390,176.199465
1777116270.482,279.056000000,-0.661214,-1.810686,2.164340,0.047627,-5.376013,-4.709492,1.000000,1.000000,-0.000000,0.000000,0.000000,0.000000,-0.000000,-0.000000,nan,nan,nan,nan,nan,nan,-0.068974,-0.265908,0.402992,-88.543681,-55.451390,176.199465
1777116270.515,279.064000000,-0.661214,-1.810686,2.164340,0.047627,-5.376013,-4.709492,1.000000,1.000000,-0.000000,0.000000,0.000000,0.000000,-0.000000,-0.000000,nan,nan,nan,nan,nan,nan,-0.068974,-0.265908,0.402992,-88.543681,-55.451390,176.199465
1777116270.541,279.072000000,-0.661214,-1.810686,2.164340,0.047627,-5.376013,-4.709492,1.000000,1.000000,-0.000000,0.000000,0.000000,0.000000,-0.000000,-0.000000,nan,nan,nan,nan,nan,nan,-0.068974,-0.265908,0.402992,-88.543681,-55.451390,176.199465
1777116270.568,279.080000000,-0.661214,-1.810686,2.164340,0.047627,-5.376013,-4.709492,1.000000,1.000000,-0.000000,0.000000,0.000000,0.000000,-0.000000,-0.000000,nan,nan,nan,nan,nan,nan,-0.068974,-0.265908,0.402992,-88.543681,-55.451390,176.199465
1777116270.597,279.087000000,-0.661214,-1.810686,2.164340,0.047627,-5.376013,-4.709492,1.000000,1.000000,-0.000000,0.000000,0.000000,0.000000,-0.000000,0.000000,nan,nan,nan,nan,nan,nan,-0.068974,-0.265908,0.402992,-88.543681,-55.451390,176.199465
1777116270.620,279.096000000,-0.661214,-1.810686,2.164340,0.047627,-5.376013,-4.709492,1.000000,1.000000,-0.000000,0.000000,0.000000,0.000000,-0.000000,-0.000000,nan,nan,nan,nan,nan,nan,-0.068974,-0.265908,0.402992,-88.543681,-55.451390,176.199465
1777116270.652,279.100000000,-0.661214,-1.810686,2.164340,0.047627,-5.376013,-4.709492,1.000000,1.000000,-0.000000,0.000000,0.000000,0.000000,-0.000000,0.000000,nan,nan,nan,nan,nan,nan,-0.068974,-0.265908,0.402992,-88.543681,-55.451390,176.199465
1777116270.661,279.111000000,-0.661214,-1.810686,2.164340,0.047627,-5.376013,-4.709492,1.000000,1.000000,-0.000000,0.000000,0.000000,0.000000,-0.000000,-0.000000,nan,nan,nan,nan,nan,nan,-0.068974,-0.265908,0.402992,-88.543681,-55.451390,176.199465
1777116270.704,279.120000000,-0.661214,-1.810686,2.164340,0.047627,-5.376013,-4.709492,1.000000,1.000000,-0.000000,0.000000,0.000000,0.000000,0.000000,0.000000,nan,nan,nan,nan,nan,nan,-0.068974,-0.265908,0.402992,-88.543681,-55.451390,176.199465
1777116270.743,279.127000000,-0.661214,-1.810686,2.164340,0.047627,-5.376013,-4.709492,1.000000,1.000000,-0.000000,0.000000,0.000000,0.000000,-0.000000,-0.000000,nan,nan,nan,nan,nan,nan,-0.068974,-0.265908,0.402992,-88.543681,-55.451390,176.199465
1777116270.766,279.134000000,-0.661214,-1.810686,2.164340,0.047627,-5.376013,-4.709492,1.000000,1.000000,-0.000000,0.000000,0.000000,0.000000,-0.000000,-0.000000,nan,nan,nan,nan,nan,nan,-0.068974,-0.265908,0.402992,-88.543681,-55.451390,176.199465
1777116270.774,279.141000000,-0.661214,-1.810686,2.164340,0.047627,-5.376013,-4.709492,1.000000,1.000000,-0.000000,0.000000,0.000000,0.000000,-0.000000,-0.000000,nan,nan,nan,nan,nan,nan,-0.068974,-0.265908,0.402992,-88.543681,-55.451390,176.199465
1777116270.799,279.152000000,-0.661214,-1.810686,2.164340,0.047627,-5.376013,-4.709492,1.000000,1.000000,-0.000000,0.000000,0.000000,0.000000,-0.000000,0.000000,nan,nan,nan,nan,nan,nan,-0.068974,-0.265908,0.402992,-88.543681,-55.451390,176.199465
1777116270.831,279.157000000,-0.661214,-1.810686,2.164340,0.047627,-5.376013,-4.709492,1.000000,1.000000,-0.000000,0.000000,0.000000,0.000000,-0.000000,-0.000000,nan,nan,nan,nan,nan,nan,-0.068974,-0.265908,0.402992,-88.543681,-55.451390,176.199465
1777116270.853,279.168000000,-0.661214,-1.810686,2.164340,0.047627,-5.376013,-4.709492,1.000000,1.000000,-0.000000,0.000000,0.000000,0.000000,-0.000000,-0.000000,nan,nan,nan,nan,nan,nan,-0.068974,-0.265908,0.402992,-88.543681,-55.451390,176.199465
1777116270.886,279.176000000,-0.661214,-1.810686,2.164340,0.047627,-5.376013,-4.709492,1.000000,1.000000,-0.000000,0.000000,0.000000,0.000000,-0.000000,0.000000,nan,nan,nan,nan,nan,nan,-0.068974,-0.265908,0.402992,-88.543681,-55.451390,176.199465
1777116270.914,279.182000000,-0.661214,-1.810686,2.164340,0.047627,-5.376013,-4.709492,1.000000,1.000000,-0.000000,0.000000,0.000000,0.000000,-0.000000,0.000000,nan,nan,nan,nan,nan,nan,-0.068974,-0.265908,0.402992,-88.543681,-55.451390,176.199465
1777116270.952,279.187000000,-0.661214,-1.810686,2.164340,0.047627,-5.376013,-4.709492,1.000000,1.000000,-0.000000,0.000000,0.000000,0.000000,-0.000000,-0.000000,nan,nan,nan,nan,nan,nan,-0.068974,-0.265908,0.402992,-88.543681,-55.451390,176.199465
1777116270.971,279.200000000,-0.661214,-1.810686,2.164340,0.047627,-5.376013,-4.709492,1.000000,1.000000,-0.000000,0.000000,0.000000,0.000000,-0.000000,-0.000000,nan,nan,nan,nan,nan,nan,-0.068974,-0.265908,0.402992,-88.543681,-55.451390,176.199465
1777116271.009,279.208000000,-0.661214,-1.810686,2.164340,0.047627,-5.376013,-4.709492,1.000000,1.000000,-0.000000,0.000000,0.000000,0.000000,-0.000000,-0.000000,nan,nan,nan,nan,nan,nan,-0.068974,-0.265908,0.402992,-88.543681,-55.451390,176.199465
1777116271.023,279.215000000,-0.661214,-1.810686,2.164340,0.047627,-5.376013,-4.709492,1.000000,1.000000,-0.000000,0.000000,0.000000,0.000000,-0.000000,0.000000,nan,nan,nan,nan,nan,nan,-0.068974,-0.265908,0.402992,-88.543681,-55.451390,176.199465
1777116271.085,279.224000000,-0.661214,-1.810686,2.164340,0.047627,-5.376013,-4.709492,1.000000,1.000000,-0.000000,0.000000,0.000000,0.000000,-0.000000,-0.000000,nan,nan,nan,nan,nan,nan,-0.068974,-0.265908,0.402992,-88.543681,-55.451390,176.199465
1777116271.111,279.232000000,-0.661214,-1.810686,2.164340,0.047627,-5.376013,-4.709492,1.000000,1.000000,-0.000000,0.000000,0.000000,0.000000,-0.000000,0.000000,nan,nan,nan,nan,nan,nan,-0.068974,-0.265908,0.402992,-88.543681,-55.451390,176.199465
1777116271.143,279.238000000,-0.661214,-1.810686,2.164340,0.047627,-5.376013,-4.709492,1.000000,1.000000,-0.000000,0.000000,0.000000,0.000000,-0.000000,0.000000,nan,nan,nan,nan,nan,nan,-0.068974,-0.265908,0.402992,-88.543681,-55.451390,176.199465
1777116271.169,279.248000000,-0.661214,-1.810686,2.164340,0.047627,-5.376013,-4.709492,1.000000,1.000000,-0.000000,0.000000,0.000000,0.000000,-0.000000,-0.000000,nan,nan,nan,nan,nan,nan,-0.068974,-0.265908,0.402992,-88.543681,-55.451390,176.199465
1777116271.214,279.256000000,-0.661214,-1.810686,2.164340,0.047627,-5.376013,-4.709492,1.000000,1.000000,-0.000000,0.000000,0.000000,0.000000,-0.000000,-0.000000,nan,nan,nan,nan,nan,nan,-0.068974,-0.265908,0.402992,-88.543681,-55.451390,176.199465
1777116271.225,279.260000000,-0.661214,-1.810686,2.164340,0.047627,-5.376013,-4.709492,1.000000,1.000000,-0.000000,0.000000,0.000000,0.000000,-0.000000,-0.000000,nan,nan,nan,nan,nan,nan,-0.068974,-0.265908,0.402992,-88.543681,-55.451390,176.199465
1777116271.247,279.272000000,-0.661214,-1.810686,2.164340,0.047627,-5.376013,-4.709492,1.000000,1.000000,-0.000000,0.000000,0.000000,0.000000,-0.000000,-0.000000,nan,nan,nan,nan,nan,nan,-0.068974,-0.265908,0.402992,-88.543681,-55.451390,176.199465
1777116271.266,279.280000000,-0.661214,-1.810686,2.164340,0.047627,-5.376013,-4.709492,1.000000,1.000000,-0.000000,0.000000,0.000000,0.000000,-0.000000,-0.000000,nan,nan,nan,nan,nan,nan,-0.068974,-0.265908,0.402992,-88.543681,-55.451390,176.199465
1777116271.318,279.288000000,-0.661214,-1.810686,2.164340,0.047627,-5.376013,-4.709492,1.000000,1.000000,-0.000000,0.000000,0.000000,-0.000000,0.000000,0.000000,nan,nan,nan,nan,nan,nan,-0.068974,-0.265908,0.402992,-88.543681,-55.451390,176.199465
1777116271.336,279.294000000,-0.661214,-1.810686,2.164340,0.047627,-5.376013,-4.709492,1.000000,1.000000,-0.000000,0.000000,0.000000,0.000000,-0.000000,-0.000000,nan,nan,nan,nan,nan,nan,-0.068974,-0.265908,0.402992,-88.543681,-55.451390,176.199465
1777116271.355,279.303000000,-0.661214,-1.810686,2.164340,0.047627,-5.376013,-4.709492,1.000000,1.000000,-0.000000,0.000000,0.000000,0.000000,-0.000000,0.000000,nan,nan,nan,nan,nan,nan,-0.068974,-0.265908,0.402992,-88.543681,-55.451390,176.199465
1777116271.380,279.311000000,-0.661214,-1.810686,2.164340,0.047627,-5.376013,-4.709492,1.000000,1.000000,-0.000000,0.000000,0.000000,0.000000,-0.000000,-0.000000,nan,nan,nan,nan,nan,nan,-0.068974,-0.265908,0.402992,-88.543681,-55.451390,176.199465
1777116271.411,279.320000000,-0.661214,-1.810686,2.164340,0.047627,-5.376013,-4.709492,1.000000,1.000000,-0.000000,0.000000,0.000000,0.000000,-0.000000,-0.000000,nan,nan,nan,nan,nan,nan,-0.068974,-0.265908,0.402992,-88.543681,-55.451390,176.199465
1777116271.448,279.326000000,-0.661214,-1.810686,2.164340,0.047627,-5.376013,-4.709492,1.000000,1.000000,-0.000000,0.000000,0.000000,0.000000,-0.000000,0.000000,nan,nan,nan,nan,nan,nan,-0.068974,-0.265908,0.402992,-88.543681,-55.451390,176.199465
1777116271.468,279.335000000,-0.661214,-1.810686,2.164340,0.047627,-5.376013,-4.709492,1.000000,1.000000,-0.000000,0.000000,0.000000,0.000000,-0.000000,0.000000,nan,nan,nan,nan,nan,nan,-0.068974,-0.265908,0.402992,-88.543681,-55.451390,176.199465
1777116271.479,279.339000000,-0.661214,-1.810686,2.164340,0.047627,-5.376013,-4.709492,1.000000,1.000000,-0.000000,0.000000,0.000000,0.000000,-0.000000,-0.000000,nan,nan,nan,nan,nan,nan,-0.068974,-0.265908,0.402992,-88.543681,-55.451390,176.199465
1777116271.509,279.351000000,-0.661214,-1.810686,2.164340,0.047627,-5.376013,-4.709492,1.000000,1.000000,-0.000000,0.000000,0.000000,0.000000,-0.000000,-0.000000,nan,nan,nan,nan,nan,nan,-0.068974,-0.265908,0.402992,-88.543681,-55.451390,176.199465
1777116271.524,279.358000000,-0.661214,-1.810686,2.164340,0.047627,-5.376013,-4.709492,1.000000,1.000000,-0.000000,0.000000,0.000000,0.000000,-0.000000,0.000000,nan,nan,nan,nan,nan,nan,-0.068974,-0.265908,0.402992,-88.543681,-55.451390,176.199465
1777116271.573,279.368000000,-0.661214,-1.810686,2.164340,0.047627,-5.376013,-4.709492,1.000000,1.000000,-0.000000,0.000000,0.000000,0.000000,-0.000000,-0.000000,nan,nan,nan,nan,nan,nan,-0.068974,-0.265908,0.402992,-88.543681,-55.451390,176.199465
1777116271.581,279.376000000,-0.661214,-1.810686,2.164340,0.047627,-5.376013,-4.709492,1.000000,1.000000,-0.000000,0.000000,0.000000,0.000000,-0.000000,-0.000000,nan,nan,nan,nan,nan,nan,-0.068974,-0.265908,0.402992,-88.543681,-55.451390,176.199465
1777116271.627,279.382000000,-0.661214,-1.810686,2.164340,0.047627,-5.376013,-4.709492,1.000000,1.000000,-0.000000,0.000000,0.000000,0.000000,-0.000000,0.000000,nan,nan,nan,nan,nan,nan,-0.068974,-0.265908,0.402992,-88.543681,-55.451390,176.199465
1777116271.646,279.388000000,-0.661214,-1.810686,2.164340,0.047627,-5.376013,-4.709492,1.000000,1.000000,-0.000000,0.000000,0.000000,0.000000,-0.000000,-0.000000,nan,nan,nan,nan,nan,nan,-0.068974,-0.265908,0.402992,-88.543681,-55.451390,176.199465
1777116271.673,279.396000000,-0.661214,-1.810686,2.164340,0.047627,-5.376013,-4.709492,1.000000,1.000000,-0.000000,0.000000,0.000000,0.000000,-0.000000,-0.000000,nan,nan,nan,nan,nan,nan,-0.068974,-0.265908,0.402992,-88.543681,-55.451390,176.199465
1777116271.684,279.405000000,-0.661214,-1.810686,2.164340,0.047627,-5.376013,-4.709492,1.000000,1.000000,-0.000000,0.000000,0.000000,0.000000,-0.000000,-0.000000,nan,nan,nan,nan,nan,nan,-0.068974,-0.265908,0.402992,-88.543681,-55.451390,176.199465
1777116271.718,279.415000000,-0.661214,-1.810686,2.164340,0.047627,-5.376013,-4.709492,1.000000,1.000000,-0.000000,0.000000,0.000000,0.000000,-0.000000,-0.000000,nan,nan,nan,nan,nan,nan,-0.068974,-0.265908,0.402992,-88.543681,-55.451390,176.199465
1777116271.745,279.424000000,-0.661214,-1.810686,2.164340,0.047627,-5.376013,-4.709492,1.000000,1.000000,-0.000000,0.000000,0.000000,0.000000,-0.000000,-0.000000,nan,nan,nan,nan,nan,nan,-0.068974,-0.265908,0.402992,-88.543681,-55.451390,176.199465
1777116271.788,279.432000000,-0.661214,-1.810686,2.164340,0.047627,-5.376013,-4.709492,1.000000,1.000000,-0.000000,0.000000,0.000000,0.000000,-0.000000,-0.000000,nan,nan,nan,nan,nan,nan,-0.068974,-0.265908,0.402992,-88.543681,-55.451390,176.199465
1777116271.811,279.439000000,-0.661214,-1.810686,2.164340,0.047627,-5.376013,-4.709492,1.000000,1.000000,-0.000000,0.000000,0.000000,0.000000,-0.000000,-0.000000,nan,nan,nan,nan,nan,nan,-0.068974,-0.265908,0.402992,-88.543681,-55.451390,176.199465
1777116271.846,279.446000000,-0.661214,-1.810686,2.164340,0.047627,-5.376013,-4.709492,1.000000,1.000000,-0.000000,0.000000,0.000000,0.000000,-0.000000,0.000000,nan,nan,nan,nan,nan,nan,-0.068974,-0.265908,0.402992,-88.543681,-55.451390,176.199465
1777116271.866,279.455000000,-0.661214,-1.810686,2.164340,0.047627,-5.376013,-4.709492,1.000000,1.000000,-0.000000,0.000000,0.000000,0.000000,-0.000000,-0.000000,nan,nan,nan,nan,nan,nan,-0.068974,-0.265908,0.402992,-88.543681,-55.451390,176.199465
1777116271.916,279.460000000,-0.661214,-1.810686,2.164340,0.047627,-5.376013,-4.709492,1.000000,1.000000,-0.000000,0.000000,0.000000,0.000000,-0.000000,-0.000000,nan,nan,nan,nan,nan,nan,-0.068974,-0.265908,0.402992,-88.543681,-55.451390,176.199465
1777116271.925,279.471000000,-0.661214,-1.810686,2.164340,0.047627,-5.376013,-4.709492,1.000000,1.000000,-0.000000,0.000000,0.000000,0.000000,-0.000000,-0.000000,nan,nan,nan,nan,nan,nan,-0.068974,-0.265908,0.402992,-88.543681,-55.451390,176.199465
1777116271.956,279.479000000,-0.661214,-1.810686,2.164340,0.047627,-5.376013,-4.709492,1.000000,1.000000,-0.000000,0.000000,0.000000,0.000000,0.000000,0.000000,nan,nan,nan,nan,nan,nan,-0.068974,-0.265908,0.402992,-88.543681,-55.451390,176.199465
1777116271.979,279.488000000,-0.661214,-1.810686,2.164340,0.047627,-5.376013,-4.709492,1.000000,1.000000,-0.000000,0.000000,0.000000,0.000000,-0.000000,0.000000,nan,nan,nan,nan,nan,nan,-0.068974,-0.265908,0.402992,-88.543681,-55.451390,176.199465
1777116271.998,279.496000000,-0.661214,-1.810686,2.164340,0.047627,-5.376013,-4.709492,1.000000,1.000000,-0.000000,0.000000,0.000000,0.000000,-0.000000,0.000000,nan,nan,nan,nan,nan,nan,-0.068974,-0.265908,0.402992,-88.543681,-55.451390,176.199465
1777116272.018,279.504000000,-0.661214,-1.810686,2.164340,0.047627,-5.376013,-4.709492,1.000000,1.000000,-0.000000,0.000000,0.000000,0.000000,-0.000000,0.000000,nan,nan,nan,nan,nan,nan,-0.068974,-0.265908,0.402992,-88.543681,-55.451390,176.199465
1777116272.053,279.512000000,-0.661214,-1.810686,2.164340,0.047627,-5.376013,-4.709492,1.000000,1.000000,-0.000000,0.000000,0.000000,0.000000,-0.000000,0.000000,nan,nan,nan,nan,nan,nan,-0.068974,-0.265908,0.402992,-88.543681,-55.451390,176.199465
1777116272.080,279.518000000,-0.661214,-1.810686,2.164340,0.047627,-5.376013,-4.709492,1.000000,1.000000,-0.000000,0.000000,0.000000,0.000000,-0.000000,-0.000000,nan,nan,nan,nan,nan,nan,-0.068974,-0.265908,0.402992,-88.543681,-55.451390,176.199465
1777116272.119,279.527000000,-0.661214,-1.810686,2.164340,0.047627,-5.376013,-4.709492,1.000000,1.000000,-0.000000,0.000000,0.000000,0.000000,0.000000,0.000000,nan,nan,nan,nan,nan,nan,-0.068974,-0.265908,0.402992,-88.543681,-55.451390,176.199465
1777116272.155,279.535000000,-0.661214,-1.810686,2.164340,0.047627,-5.376013,-4.709492,1.000000,1.000000,-0.000000,0.000000,0.000000,0.000000,-0.000000,-0.000000,nan,nan,nan,nan,nan,nan,-0.068974,-0.265908,0.402992,-88.543681,-55.451390,176.199465
1777116272.172,279.544000000,-0.661214,-1.810686,2.164340,0.047627,-5.376013,-4.709492,1.000000,1.000000,-0.000000,0.000000,0.000000,0.000000,-0.000000,0.000000,nan,nan,nan,nan,nan,nan,-0.068974,-0.265908,0.402992,-88.543681,-55.451390,176.199465
1777116272.212,279.552000000,-0.661214,-1.810686,2.164340,0.047627,-5.376013,-4.709492,1.000000,1.000000,-0.000000,0.000000,0.000000,0.000000,-0.000000,-0.000000,nan,nan,nan,nan,nan,nan,-0.068974,-0.265908,0.402992,-88.543681,-55.451390,176.199465
1777116272.235,279.559000000,-0.661214,-1.810686,2.164340,0.047627,-5.376013,-4.709492,1.000000,1.000000,-0.000000,0.000000,0.000000,0.000000,-0.000000,0.000000,nan,nan,nan,nan,nan,nan,-0.068974,-0.265908,0.402992,-88.543681,-55.451390,176.199465
1777116272.247,279.568000000,-0.661214,-1.810686,2.164340,0.047627,-5.376013,-4.709492,1.000000,1.000000,-0.000000,0.000000,0.000000,0.000000,-0.000000,0.000000,nan,nan,nan,nan,nan,nan,-0.068974,-0.265908,0.402992,-88.543681,-55.451390,176.199465
1777116272.260,279.576000000,-0.661214,-1.810686,2.164340,0.047627,-5.376013,-4.709492,1.000000,1.000000,-0.000000,0.000000,0.000000,0.000000,-0.000000,-0.000000,nan,nan,nan,nan,nan,nan,-0.068974,-0.265908,0.402992,-88.543681,-55.451390,176.199465
1777116272.288,279.583000000,-0.661214,-1.810686,2.164340,0.047627,-5.376013,-4.709492,1.000000,1.000000,-0.000000,0.000000,0.000000,-0.000000,-0.000000,0.000000,nan,nan,nan,nan,nan,nan,-0.068974,-0.265908,0.402992,-88.543681,-55.451390,176.199465
1777116272.327,279.588000000,-0.661214,-1.810686,2.164340,0.047627,-5.376013,-4.709492,1.000000,1.000000,-0.000000,0.000000,0.000000,0.000000,-0.000000,-0.000000,nan,nan,nan,nan,nan,nan,-0.068974,-0.265908,0.402992,-88.543681,-55.451390,176.199465
1777116272.345,279.599000000,-0.661214,-1.810686,2.164340,0.047627,-5.376013,-4.709492,1.000000,1.000000,-0.000000,0.000000,0.000000,0.000000,-0.000000,-0.000000,nan,nan,nan,nan,nan,nan,-0.068974,-0.265908,0.402992,-88.543681,-55.451390,176.199465
1777116272.360,279.607000000,-0.661214,-1.810686,2.164340,0.047627,-5.376013,-4.709492,1.000000,1.000000,-0.000000,0.000000,0.000000,0.000000,-0.000000,-0.000000,nan,nan,nan,nan,nan,nan,-0.068974,-0.265908,0.402992,-88.543681,-55.451390,176.199465
1777116272.391,279.616000000,-0.661214,-1.810686,2.164340,0.047627,-5.376013,-4.709492,1.000000,1.000000,-0.000000,0.000000,0.000000,0.000000,-0.000000,-0.000000,nan,nan,nan,nan,nan,nan,-0.068974,-0.265908,0.402992,-88.543681,-55.451390,176.199465
1777116272.437,279.622000000,-0.661214,-1.810686,2.164340,0.047627,-5.376013,-4.709492,1.000000,1.000000,-0.000000,0.000000,0.000000,0.000000,-0.000000,-0.000000,nan,nan,nan,nan,nan,nan,-0.068974,-0.265908,0.402992,-88.543681,-55.451390,176.199465
1777116272.453,279.631000000,-0.661214,-1.810686,2.164340,0.047627,-5.376013,-4.709492,1.000000,1.000000,-0.000000,0.000000,0.000000,0.000000,-0.000000,-0.000000,nan,nan,nan,nan,nan,nan,-0.068974,-0.265908,0.402992,-88.543681,-55.451390,176.199465
1777116272.477,279.639000000,-0.661214,-1.810686,2.164340,0.047627,-5.376013,-4.709492,1.000000,1.000000,-0.000000,0.000000,0.000000,0.000000,-0.000000,-0.000000,nan,nan,nan,nan,nan,nan,-0.068974,-0.265908,0.402992,-88.543681,-55.451390,176.199465
1777116272.505,279.647000000,-0.661214,-1.810686,2.164340,0.047627,-5.376013,-4.709492,1.000000,1.000000,-0.000000,0.000000,0.000000,0.000000,-0.000000,-0.000000,nan,nan,nan,nan,nan,nan,-0.068974,-0.265908,0.402992,-88.543681,-55.451390,176.199465
1777116272.542,279.655000000,-0.661214,-1.810686,2.164340,0.047627,-5.376013,-4.709492,1.000000,1.000000,-0.000000,0.000000,0.000000,0.000000,-0.000000,0.000000,nan,nan,nan,nan,nan,nan,-0.068974,-0.265908,0.402992,-88.543681,-55.451390,176.199465
1777116272.557,279.662000000,-0.661214,-1.810686,2.164340,0.047627,-5.376013,-4.709492,1.000000,1.000000,-0.000000,0.000000,0.000000,0.000000,-0.000000,0.000000,nan,nan,nan,nan,nan,nan,-0.068974,-0.265908,0.402992,-88.543681,-55.451390,176.199465
1777116272.572,279.672000000,-0.661214,-1.810686,2.164340,0.047627,-5.376013,-4.709492,1.000000,1.000000,-0.000000,0.000000,0.000000,0.000000,-0.000000,-0.000000,nan,nan,nan,nan,nan,nan,-0.068974,-0.265908,0.402992,-88.543681,-55.451390,176.199465
1777116272.593,279.679000000,-0.661214,-1.810686,2.164340,0.047627,-5.376013,-4.709492,1.000000,1.000000,-0.000000,0.000000,0.000000,0.000000,-0.000000,-0.000000,nan,nan,nan,nan,nan,nan,-0.068974,-0.265908,0.402992,-88.543681,-55.451390,176.199465
1777116272.637,279.688000000,-0.661214,-1.810686,2.164340,0.047627,-5.376013,-4.709492,1.000000,1.000000,-0.000000,0.000000,0.000000,0.000000,-0.000000,-0.000000,nan,nan,nan,nan,nan,nan,-0.068974,-0.265908,0.402992,-88.543681,-55.451390,176.199465
1777116272.653,279.694000000,-0.661214,-1.810686,2.164340,0.047627,-5.376013,-4.709492,1.000000,1.000000,-0.000000,0.000000,0.000000,0.000000,-0.000000,-0.000000,nan,nan,nan,nan,nan,nan,-0.068974,-0.265908,0.402992,-88.543681,-55.451390,176.199465
1777116272.670,279.702000000,-0.661214,-1.810686,2.164340,0.047627,-5.376013,-4.709492,1.000000,1.000000,-0.000000,0.000000,0.000000,0.000000,-0.000000,-0.000000,nan,nan,nan,nan,nan,nan,-0.068974,-0.265908,0.402992,-88.543681,-55.451390,176.199465
1777116272.697,279.712000000,-0.661214,-1.810686,2.164340,0.047627,-5.376013,-4.709492,1.000000,1.000000,-0.000000,0.000000,0.000000,0.000000,-0.000000,-0.000000,nan,nan,nan,nan,nan,nan,-0.068974,-0.265908,0.402992,-88.543681,-55.451390,176.199465
1777116272.739,279.720000000,-0.661214,-1.810686,2.164340,0.047627,-5.376013,-4.709492,1.000000,1.000000,-0.000000,0.000000,0.000000,0.000000,-0.000000,0.000000,nan,nan,nan,nan,nan,nan,-0.068974,-0.265908,0.402992,-88.543681,-55.451390,176.199465
1777116272.758,279.728000000,-0.661214,-1.810686,2.164340,0.047627,-5.376013,-4.709492,1.000000,1.000000,-0.000000,0.000000,0.000000,0.000000,-0.000000,-0.000000,nan,nan,nan,nan,nan,nan,-0.068974,-0.265908,0.402992,-88.543681,-55.451390,176.199465
1777116272.780,279.735000000,-0.661214,-1.810686,2.164340,0.047627,-5.376013,-4.709492,1.000000,1.000000,-0.000000,0.000000,0.000000,0.000000,-0.000000,0.000000,nan,nan,nan,nan,nan,nan,-0.068974,-0.265908,0.402992,-88.543681,-55.451390,176.199465
1777116272.805,279.743000000,-0.661214,-1.810686,2.164340,0.047627,-5.376013,-4.709492,1.000000,1.000000,-0.000000,0.000000,0.000000,0.000000,-0.000000,-0.000000,nan,nan,nan,nan,nan,nan,-0.068974,-0.265908,0.402992,-88.543681,-55.451390,176.199465
1777116272.845,279.750000000,-0.661214,-1.810686,2.164340,0.047627,-5.376013,-4.709492,1.000000,1.000000,-0.000000,0.000000,0.000000,0.000000,-0.000000,-0.000000,nan,nan,nan,nan,nan,nan,-0.068974,-0.265908,0.402992,-88.543681,-55.451390,176.199465
1777116272.857,279.759000000,-0.661214,-1.810686,2.164340,0.047627,-5.376013,-4.709492,1.000000,1.000000,-0.000000,0.000000,0.000000,0.000000,-0.000000,-0.000000,nan,nan,nan,nan,nan,nan,-0.068974,-0.265908,0.402992,-88.543681,-55.451390,176.199465
1777116272.891,279.767000000,-0.661214,-1.810686,2.164340,0.047627,-5.376013,-4.709492,1.000000,1.000000,-0.000000,0.000000,0.000000,0.000000,-0.000000,0.000000,nan,nan,nan,nan,nan,nan,-0.068974,-0.265908,0.402992,-88.543681,-55.451390,176.199465
1777116272.907,279.775000000,-0.661214,-1.810686,2.164340,0.047627,-5.376013,-4.709492,1.000000,1.000000,-0.000000,0.000000,0.000000,0.000000,-0.000000,-0.000000,nan,nan,nan,nan,nan,nan,-0.068974,-0.265908,0.402992,-88.543681,-55.451390,176.199465
1777116272.944,279.782000000,-0.661214,-1.810686,2.164340,0.047627,-5.376013,-4.709492,1.000000,1.000000,-0.000000,0.000000,0.000000,0.000000,-0.000000,-0.000000,nan,nan,nan,nan,nan,nan,-0.068974,-0.265908,0.402992,-88.543681,-55.451390,176.199465
1777116272.958,279.788000000,-0.661214,-1.810686,2.164340,0.047627,-5.376013,-4.709492,1.000000,1.000000,-0.000000,0.000000,0.000000,0.000000,-0.000000,0.000000,nan,nan,nan,nan,nan,nan,-0.068974,-0.265908,0.402992,-88.543681,-55.451390,176.199465
1777116272.984,279.798000000,-0.661214,-1.810686,2.164340,0.047627,-5.376013,-4.709492,1.000000,1.000000,-0.000000,0.000000,0.000000,0.000000,-0.000000,0.000000,nan,nan,nan,nan,nan,nan,-0.068974,-0.265908,0.402992,-88.543681,-55.451390,176.199465
1777116273.010,279.808000000,-0.661214,-1.810686,2.164340,0.047627,-5.376013,-4.709492,1.000000,1.000000,-0.000000,0.000000,0.000000,0.000000,-0.000000,-0.000000,nan,nan,nan,nan,nan,nan,-0.068974,-0.265908,0.402992,-88.543681,-55.451390,176.199465
1777116273.059,279.816000000,-0.661214,-1.810686,2.164340,0.047627,-5.376013,-4.709492,1.000000,1.000000,-0.000000,0.000000,0.000000,0.000000,-0.000000,-0.000000,nan,nan,nan,nan,nan,nan,-0.068974,-0.265908,0.402992,-88.543681,-55.451390,176.199465
1777116273.073,279.824000000,-0.661214,-1.810686,2.164340,0.047627,-5.376013,-4.709492,1.000000,1.000000,-0.000000,0.000000,0.000000,0.000000,-0.000000,-0.000000,nan,nan,nan,nan,nan,nan,-0.068974,-0.265908,0.402992,-88.543681,-55.451390,176.199465
1777116273.104,279.831000000,-0.661214,-1.810686,2.164340,0.047627,-5.376013,-4.709492,1.000000,1.000000,-0.000000,0.000000,0.000000,0.000000,-0.000000,-0.000000,nan,nan,nan,nan,nan,nan,-0.068974,-0.265908,0.402992,-88.543681,-55.451390,176.199465
1777116273.122,279.839000000,-0.661214,-1.810686,2.164340,0.047627,-5.376013,-4.709492,1.000000,1.000000,-0.000000,0.000000,0.000000,0.000000,-0.000000,0.000000,nan,nan,nan,nan,nan,nan,-0.068974,-0.265908,0.402992,-88.543681,-55.451390,176.199465
1777116273.141,279.848000000,-0.661214,-1.810686,2.164340,0.047627,-5.376013,-4.709492,1.000000,1.000000,-0.000000,0.000000,0.000000,0.000000,-0.000000,-0.000000,nan,nan,nan,nan,nan,nan,-0.068974,-0.265908,0.402992,-88.543681,-55.451390,176.199465
1777116273.163,279.854000000,-0.661214,-1.810686,2.164340,0.047627,-5.376013,-4.709492,1.000000,1.000000,-0.000000,0.000000,0.000000,0.000000,-0.000000,-0.000000,nan,nan,nan,nan,nan,nan,-0.068974,-0.265908,0.402992,-88.543681,-55.451390,176.199465
1777116273.216,279.864000000,-0.661214,-1.810686,2.164340,0.047627,-5.376013,-4.709492,1.000000,1.000000,-0.000000,0.000000,0.000000,0.000000,-0.000000,-0.000000,nan,nan,nan,nan,nan,nan,-0.068974,-0.265908,0.402992,-88.543681,-55.451390,176.199465
1777116273.232,279.871000000,-0.661214,-1.810686,2.164340,0.047627,-5.376013,-4.709492,1.000000,1.000000,-0.000000,0.000000,0.000000,0.000000,-0.000000,0.000000,nan,nan,nan,nan,nan,nan,-0.068974,-0.265908,0.402992,-88.543681,-55.451390,176.199465
1777116273.253,279.879000000,-0.661214,-1.810686,2.164340,0.047627,-5.376013,-4.709492,1.000000,1.000000,-0.000000,0.000000,0.000000,0.000000,-0.000000,-0.000000,nan,nan,nan,nan,nan,nan,-0.068974,-0.265908,0.402992,-88.543681,-55.451390,176.199465
1777116273.288,279.888000000,-0.661214,-1.810686,2.164340,0.047627,-5.376013,-4.709492,1.000000,1.000000,-0.000000,0.000000,0.000000,0.000000,-0.000000,-0.000000,nan,nan,nan,nan,nan,nan,-0.068974,-0.265908,0.402992,-88.543681,-55.451390,176.199465
1777116273.316,279.896000000,-0.661214,-1.810686,2.164340,0.047627,-5.376013,-4.709492,1.000000,1.000000,-0.000000,0.000000,0.000000,0.000000,-0.000000,0.000000,nan,nan,nan,nan,nan,nan,-0.068974,-0.265908,0.402992,-88.543681,-55.451390,176.199465
1777116273.338,279.904000000,-0.661214,-1.810686,2.164340,0.047627,-5.376013,-4.709492,1.000000,1.000000,-0.000000,0.000000,0.000000,0.000000,-0.000000,0.000000,nan,nan,nan,nan,nan,nan,-0.068974,-0.265908,0.402992,-88.543681,-55.451390,176.199465
1777116273.372,279.912000000,-0.661214,-1.810686,2.164340,0.047627,-5.376013,-4.709492,1.000000,1.000000,-0.000000,0.000000,0.000000,0.000000,-0.000000,0.000000,nan,nan,nan,nan,nan,nan,-0.068974,-0.265908,0.402992,-88.543681,-55.451390,176.199465
1777116273.396,279.919000000,-0.661214,-1.810686,2.164340,0.047627,-5.376013,-4.709492,1.000000,1.000000,-0.000000,0.000000,0.000000,0.000000,-0.000000,-0.000000,nan,nan,nan,nan,nan,nan,-0.068974,-0.265908,0.402992,-88.543681,-55.451390,176.199465
1777116273.419,279.928000000,-0.661214,-1.810686,2.164340,0.047627,-5.376013,-4.709492,1.000000,1.000000,-0.000000,0.000000,0.000000,0.000000,-0.000000,0.000000,nan,nan,nan,nan,nan,nan,-0.068974,-0.265908,0.402992,-88.543681,-55.451390,176.199465
1777116273.436,279.935000000,-0.661214,-1.810686,2.164340,0.047627,-5.376013,-4.709492,1.000000,1.000000,-0.000000,0.000000,0.000000,0.000000,-0.000000,-0.000000,nan,nan,nan,nan,nan,nan,-0.068974,-0.265908,0.402992,-88.543681,-55.451390,176.199465
1777116273.473,279.943000000,-0.661214,-1.810686,2.164340,0.047627,-5.376013,-4.709492,1.000000,1.000000,-0.000000,0.000000,0.000000,0.000000,-0.000000,-0.000000,nan,nan,nan,nan,nan,nan,-0.068974,-0.265908,0.402992,-88.543681,-55.451390,176.199465
1777116273.488,279.947000000,-0.661214,-1.810686,2.164340,0.047627,-5.376013,-4.709492,1.000000,1.000000,-0.000000,0.000000,0.000000,0.000000,-0.000000,-0.000000,nan,nan,nan,nan,nan,nan,-0.068974,-0.265908,0.402992,-88.543681,-55.451390,176.199465
1777116273.516,279.959000000,-0.661214,-1.810686,2.164340,0.047627,-5.376013,-4.709492,1.000000,1.000000,-0.000000,0.000000,0.000000,0.000000,-0.000000,-0.000000,nan,nan,nan,nan,nan,nan,-0.068974,-0.265908,0.402992,-88.543681,-55.451390,176.199465
1777116273.542,279.968000000,-0.661214,-1.810686,2.164340,0.047627,-5.376013,-4.709492,1.000000,1.000000,-0.000000,0.000000,0.000000,0.000000,-0.000000,0.000000,nan,nan,nan,nan,nan,nan,-0.068974,-0.265908,0.402992,-88.543681,-55.451390,176.199465
1777116273.582,279.976000000,-0.661214,-1.810686,2.164340,0.047627,-5.376013,-4.709492,1.000000,1.000000,-0.000000,0.000000,0.000000,0.000000,0.000000,0.000000,nan,nan,nan,nan,nan,nan,-0.068974,-0.265908,0.402992,-88.543681,-55.451390,176.199465
1777116273.603,279.982000000,-0.661214,-1.810686,2.164340,0.047627,-5.376013,-4.709492,1.000000,1.000000,-0.000000,0.000000,0.000000,0.000000,-0.000000,0.000000,nan,nan,nan,nan,nan,nan,-0.068974,-0.265908,0.402992,-88.543681,-55.451390,176.199465
1777116273.645,279.991000000,-0.661214,-1.810686,2.164340,0.047627,-5.376013,-4.709492,1.000000,1.000000,-0.000000,0.000000,0.000000,0.000000,-0.000000,-0.000000,nan,nan,nan,nan,nan,nan,-0.068974,-0.265908,0.402992,-88.543681,-55.451390,176.199465
1777116273.658,279.998000000,-0.661214,-1.810686,2.164340,0.047627,-5.376013,-4.709492,1.000000,1.000000,-0.000000,0.000000,0.000000,0.000000,-0.000000,-0.000000,nan,nan,nan,nan,nan,nan,-0.068974,-0.265908,0.402992,-88.543681,-55.451390,176.199465
1777116273.702,280.007000000,-0.661214,-1.810686,2.164340,0.047627,-5.376013,-4.709492,1.000000,1.000000,-0.000000,0.000000,0.000000,0.000000,-0.000000,-0.000000,nan,nan,nan,nan,nan,nan,-0.068974,-0.265908,0.402992,-88.543681,-55.451390,176.199465
1777116273.717,280.012000000,-0.661214,-1.810686,2.164340,0.047627,-5.376013,-4.709492,1.000000,1.000000,-0.000000,0.000000,0.000000,0.000000,-0.000000,-0.000000,nan,nan,nan,nan,nan,nan,-0.068974,-0.265908,0.402992,-88.543681,-55.451390,176.199465
1777116273.748,280.022000000,-0.661214,-1.810686,2.164340,0.047627,-5.376013,-4.709492,1.000000,1.000000,-0.000000,0.000000,0.000000,0.000000,-0.000000,-0.000000,nan,nan,nan,nan,nan,nan,-0.068974,-0.265908,0.402992,-88.543681,-55.451390,176.199465
1777116273.767,280.032000000,-0.661214,-1.810686,2.164340,0.047627,-5.376013,-4.709492,1.000000,1.000000,-0.000000,0.000000,0.000000,0.000000,-0.000000,-0.000000,nan,nan,nan,nan,nan,nan,-0.068974,-0.265908,0.402992,-88.543681,-55.451390,176.199465
1777116273.802,280.040000000,-0.661214,-1.810686,2.164340,0.047627,-5.376013,-4.709492,1.000000,1.000000,-0.000000,0.000000,0.000000,0.000000,-0.000000,0.000000,nan,nan,nan,nan,nan,nan,-0.068974,-0.265908,0.402992,-88.543681,-55.451390,176.199465
1777116273.828,280.048000000,-0.661214,-1.810686,2.164340,0.047627,-5.376013,-4.709492,1.000000,1.000000,-0.000000,0.000000,0.000000,0.000000,-0.000000,-0.000000,nan,nan,nan,nan,nan,nan,-0.068974,-0.265908,0.402992,-88.543681,-55.451390,176.199465
1777116273.867,280.055000000,-0.661214,-1.810686,2.164340,0.047627,-5.376013,-4.709492,1.000000,1.000000,-0.000000,0.000000,0.000000,0.000000,-0.000000,0.000000,nan,nan,nan,nan,nan,nan,-0.068974,-0.265908,0.402992,-88.543681,-55.451390,176.199465
1777116273.892,280.064000000,-0.661214,-1.810686,2.164340,0.047627,-5.376013,-4.709492,1.000000,1.000000,-0.000000,0.000000,0.000000,0.000000,-0.000000,-0.000000,nan,nan,nan,nan,nan,nan,-0.068974,-0.265908,0.402992,-88.543681,-55.451390,176.199465
1777116273.921,280.072000000,-0.661214,-1.810686,2.164340,0.047627,-5.376013,-4.709492,1.000000,1.000000,-0.000000,0.000000,0.000000,0.000000,0.000000,0.000000,nan,nan,nan,nan,nan,nan,-0.068974,-0.265908,0.402992,-88.543681,-55.451390,176.199465
1777116273.955,280.080000000,-0.661214,-1.810686,2.164340,0.047627,-5.376013,-4.709492,1.000000,1.000000,-0.000000,0.000000,0.000000,0.000000,-0.000000,0.000000,nan,nan,nan,nan,nan,nan,-0.068974,-0.265908,0.402992,-88.543681,-55.451390,176.199465
1777116273.992,280.088000000,-0.661214,-1.810686,2.164340,0.047627,-5.376013,-4.709492,1.000000,1.000000,-0.000000,0.000000,0.000000,0.000000,-0.000000,-0.000000,nan,nan,nan,nan,nan,nan,-0.068974,-0.265908,0.402992,-88.543681,-55.451390,176.199465
1777116274.017,280.096000000,-0.661214,-1.810686,2.164340,0.047627,-5.376013,-4.709492,1.000000,1.000000,-0.000000,0.000000,0.000000,0.000000,-0.000000,-0.000000,nan,nan,nan,nan,nan,nan,-0.068974,-0.265908,0.402992,-88.543681,-55.451390,176.199465
1777116274.034,280.103000000,-0.661214,-1.810686,2.164340,0.047627,-5.376013,-4.709492,1.000000,1.000000,-0.000000,0.000000,0.000000,0.000000,-0.000000,-0.000000,nan,nan,nan,nan,nan,nan,-0.068974,-0.265908,0.402992,-88.543681,-55.451390,176.199465
1777116274.057,280.112000000,-0.661214,-1.810686,2.164340,0.047627,-5.376013,-4.709492,1.000000,1.000000,-0.000000,0.000000,0.000000,0.000000,-0.000000,0.000000,nan,nan,nan,nan,nan,nan,-0.068974,-0.265908,0.402992,-88.543681,-55.451390,176.199465
1777116274.103,280.120000000,-0.661214,-1.810686,2.164340,0.047627,-5.376013,-4.709492,1.000000,1.000000,-0.000000,0.000000,0.000000,0.000000,-0.000000,0.000000,nan,nan,nan,nan,nan,nan,-0.068974,-0.265908,0.402992,-88.543681,-55.451390,176.199465
1777116274.133,280.128000000,-0.661214,-1.810686,2.164340,0.047627,-5.376013,-4.709492,1.000000,1.000000,-0.000000,0.000000,0.000000,0.000000,-0.000000,-0.000000,nan,nan,nan,nan,nan,nan,-0.068974,-0.265908,0.402992,-88.543681,-55.451390,176.199465
1777116274.157,280.136000000,-0.661214,-1.810686,2.164340,0.047627,-5.376013,-4.709492,1.000000,1.000000,-0.000000,0.000000,0.000000,0.000000,-0.000000,-0.000000,nan,nan,nan,nan,nan,nan,-0.068974,-0.265908,0.402992,-88.543681,-55.451390,176.199465
1777116274.188,280.142000000,-0.661214,-1.810686,2.164340,0.047627,-5.376013,-4.709492,1.000000,1.000000,-0.000000,0.000000,0.000000,0.000000,0.000000,0.000000,nan,nan,nan,nan,nan,nan,-0.068974,-0.265908,0.402992,-88.543681,-55.451390,176.199465
1777116274.225,280.152000000,-0.661214,-1.810686,2.164340,0.047627,-5.376013,-4.709492,1.000000,1.000000,-0.000000,0.000000,0.000000,0.000000,-0.000000,-0.000000,nan,nan,nan,nan,nan,nan,-0.068974,-0.265908,0.402992,-88.543681,-55.451390,176.199465
1777116274.245,280.159000000,-0.661214,-1.810686,2.164340,0.047627,-5.376013,-4.709492,1.000000,1.000000,-0.000000,0.000000,0.000000,0.000000,-0.000000,0.000000,nan,nan,nan,nan,nan,nan,-0.068974,-0.265908,0.402992,-88.543681,-55.451390,176.199465
1777116274.273,280.167000000,-0.661214,-1.810686,2.164340,0.047627,-5.376013,-4.709492,1.000000,1.000000,-0.000000,0.000000,0.000000,0.000000,-0.000000,-0.000000,nan,nan,nan,nan,nan,nan,-0.068974,-0.265908,0.402992,-88.543681,-55.451390,176.199465
1777116274.297,280.176000000,-0.661214,-1.810686,2.164340,0.047627,-5.376013,-4.709492,1.000000,1.000000,-0.000000,0.000000,0.000000,0.000000,-0.000000,0.000000,nan,nan,nan,nan,nan,nan,-0.068974,-0.265908,0.402992,-88.543681,-55.451390,176.199465
1777116274.332,280.184000000,-0.661214,-1.810686,2.164340,0.047627,-5.376013,-4.709492,1.000000,1.000000,-0.000000,0.000000,0.000000,0.000000,-0.000000,-0.000000,nan,nan,nan,nan,nan,nan,-0.068974,-0.265908,0.402992,-88.543681,-55.451390,176.199465
1777116274.347,280.192000000,-0.661214,-1.810686,2.164340,0.047627,-5.376013,-4.709492,1.000000,1.000000,-0.000000,0.000000,0.000000,0.000000,-0.000000,0.000000,nan,nan,nan,nan,nan,nan,-0.068974,-0.265908,0.402992,-88.543681,-55.451390,176.199465
1777116274.368,280.200000000,-0.661214,-1.810686,2.164340,0.047627,-5.376013,-4.709492,1.000000,1.000000,-0.000000,0.000000,0.000000,0.000000,-0.000000,0.000000,nan,nan,nan,nan,nan,nan,-0.068974,-0.265908,0.402992,-88.543681,-55.451390,176.199465
1777116274.399,280.208000000,-0.661214,-1.810686,2.164340,0.047627,-5.376013,-4.709492,1.000000,1.000000,-0.000000,0.000000,0.000000,0.000000,-0.000000,0.000000,nan,nan,nan,nan,nan,nan,-0.068974,-0.265908,0.402992,-88.543681,-55.451390,176.199465
1777116274.437,280.216000000,-0.661214,-1.810686,2.164340,0.047627,-5.376013,-4.709492,1.000000,1.000000,-0.000000,0.000000,0.000000,0.000000,-0.000000,-0.000000,nan,nan,nan,nan,nan,nan,-0.068974,-0.265908,0.402992,-88.543681,-55.451390,176.199465
1777116274.451,280.222000000,-0.661214,-1.810686,2.164340,0.047627,-5.376013,-4.709492,1.000000,1.000000,-0.000000,0.000000,0.000000,0.000000,-0.000000,0.000000,nan,nan,nan,nan,nan,nan,-0.068974,-0.265908,0.402992,-88.543681,-55.451390,176.199465
1777116274.477,280.231000000,-0.661214,-1.810686,2.164340,0.047627,-5.376013,-4.709492,1.000000,1.000000,-0.000000,0.000000,0.000000,0.000000,-0.000000,-0.000000,nan,nan,nan,nan,nan,nan,-0.068974,-0.265908,0.402992,-88.543681,-55.451390,176.199465
1777116274.508,280.240000000,-0.661214,-1.810686,2.164340,0.047627,-5.376013,-4.709492,1.000000,1.000000,-0.000000,0.000000,0.000000,0.000000,-0.000000,-0.000000,nan,nan,nan,nan,nan,nan,-0.068974,-0.265908,0.402992,-88.543681,-55.451390,176.199465
1777116274.549,280.247000000,-0.661214,-1.810686,2.164340,0.047627,-5.376013,-4.709492,1.000000,1.000000,-0.000000,0.000000,0.000000,0.000000,-0.000000,0.000000,nan,nan,nan,nan,nan,nan,-0.068974,-0.265908,0.402992,-88.543681,-55.451390,176.199465
1777116274.570,280.256000000,-0.661214,-1.810686,2.164340,0.047627,-5.376013,-4.709492,1.000000,1.000000,-0.000000,0.000000,0.000000,0.000000,-0.000000,0.000000,nan,nan,nan,nan,nan,nan,-0.068974,-0.265908,0.402992,-88.543681,-55.451390,176.199465
1777116274.589,280.263000000,-0.661214,-1.810686,2.164340,0.047627,-5.376013,-4.709492,1.000000,1.000000,-0.000000,0.000000,0.000000,0.000000,-0.000000,0.000000,nan,nan,nan,nan,nan,nan,-0.068974,-0.265908,0.402992,-88.543681,-55.451390,176.199465
1777116274.605,280.269000000,-0.661214,-1.810686,2.164340,0.047627,-5.376013,-4.709492,1.000000,1.000000,-0.000000,0.000000,0.000000,0.000000,-0.000000,-0.000000,nan,nan,nan,nan,nan,nan,-0.068974,-0.265908,0.402992,-88.543681,-55.451390,176.199465
1777116274.646,280.279000000,-0.661214,-1.810686,2.164340,0.047627,-5.376013,-4.709492,1.000000,1.000000,-0.000000,0.000000,0.000000,0.000000,-0.000000,0.000000,nan,nan,nan,nan,nan,nan,-0.068974,-0.265908,0.402992,-88.543681,-55.451390,176.199465
1777116274.671,280.287000000,-0.661214,-1.810686,2.164340,0.047627,-5.376013,-4.709492,1.000000,1.000000,-0.000000,0.000000,0.000000,0.000000,-0.000000,-0.000000,nan,nan,nan,nan,nan,nan,-0.068974,-0.265908,0.402992,-88.543681,-55.451390,176.199465
1777116274.705,280.296000000,-0.661214,-1.810686,2.164340,0.047627,-5.376013,-4.709492,1.000000,1.000000,-0.000000,0.000000,0.000000,0.000000,-0.000000,-0.000000,nan,nan,nan,nan,nan,nan,-0.068974,-0.265908,0.402992,-88.543681,-55.451390,176.199465
1777116274.725,280.303000000,-0.661214,-1.810686,2.164340,0.047627,-5.376013,-4.709492,1.000000,1.000000,-0.000000,0.000000,0.000000,0.000000,-0.000000,-0.000000,nan,nan,nan,nan,nan,nan,-0.068974,-0.265908,0.402992,-88.543681,-55.451390,176.199465
1777116274.765,280.312000000,-0.661214,-1.810686,2.164340,0.047627,-5.376013,-4.709492,1.000000,1.000000,-0.000000,0.000000,0.000000,0.000000,-0.000000,0.000000,nan,nan,nan,nan,nan,nan,-0.068974,-0.265908,0.402992,-88.543681,-55.451390,176.199465
1777116274.780,280.316000000,-0.661214,-1.810686,2.164340,0.047627,-5.376013,-4.709492,1.000000,1.000000,-0.000000,0.000000,0.000000,0.000000,-0.000000,-0.000000,nan,nan,nan,nan,nan,nan,-0.068974,-0.265908,0.402992,-88.543681,-55.451390,176.199465
